ticket_id,request_date,week_start,channel,department,request_type,customer_type,priority,status,response_hours,resolution_hours,response_sla_hours,resolution_sla_hours,first_response_met,resolution_sla_met,rework_required,revenue_value,cost_estimate,estimated_margin,satisfaction_score
REQ-10043,2026-01-05,2026-01-05,Email,Billing,Invoice Correction,Student,Low,Closed,3.84,11.96,16,120,1,1,0,383.17,104.02,279.15,4.56
REQ-10053,2026-01-05,2026-01-05,Web Form,IT Support,Account Setup,Internal Staff,Normal,Closed,1.07,6.41,8,72,1,1,0,386.82,135.39,251.43,4.59
REQ-10136,2026-01-05,2026-01-05,Web Form,Data & Reporting,Dashboard Request,Small Business,High,In Progress,1.72,0.0,4,36,1,1,0,1137.33,398.07,739.26,4.28
REQ-10185,2026-01-05,2026-01-05,Email,Billing,Billing Question,Internal Staff,Normal,Closed,11.07,34.32,8,72,0,1,1,264.61,206.42,58.19,3.48
REQ-10203,2026-01-05,2026-01-05,Web Form,Billing,Invoice Correction,Small Business,High,In Progress,1.73,0.0,4,36,1,1,0,280,88.94,191.06,4.17
REQ-10374,2026-01-05,2026-01-05,Email,Admin Operations,Vendor Record Update,Small Business,Low,Closed,4.94,12.31,16,120,1,1,0,135.9,38.61,97.29,4.5
REQ-10457,2026-01-05,2026-01-05,Email,IT Support,Account Setup,Small Business,Low,In Progress,1.8,0.0,16,120,1,1,0,402.86,218.31,184.55,4.33
REQ-10476,2026-01-05,2026-01-05,Referral,Data & Reporting,Data Export,Small Business,Normal,Closed,4.28,14.76,8,72,1,1,0,512.96,219.1,293.86,4.38
REQ-10494,2026-01-05,2026-01-05,Unknown,Data & Reporting,Data Export,Parent,High,In Progress,2.09,0.0,4,36,1,1,1,372.25,138.32,233.93,3.95
REQ-10572,2026-01-05,2026-01-05,Email,Billing,Billing Question,Internal Staff,Low,Closed,2.15,25.52,16,120,1,1,0,244.32,116.34,127.98,4.46
REQ-10596,2026-01-05,2026-01-05,Email,Systems Operations,Intake Form Issue,Small Business,High,Closed,1.43,8.4,4,36,1,1,0,533.48,183.3,350.18,4.51
REQ-10389,2026-01-06,2026-01-05,Phone,Scheduling,Appointment Change,Student,High,Closed,1.81,11.73,4,36,1,1,0,143.16,50.11,93.05,4.3
REQ-10432,2026-01-06,2026-01-05,Email,Billing,Invoice Correction,Internal Staff,Low,Open,8.72,0.0,16,120,1,1,1,280,68.08,211.92,3.59
REQ-10441,2026-01-06,2026-01-05,Email,Billing,Invoice Correction,Student,Normal,In Progress,4.23,0.0,8,72,1,1,0,365.08,121.5,243.58,4.21
REQ-10552,2026-01-06,2026-01-05,Phone,Data & Reporting,Data Export,Vendor,Low,Closed,2.7,57.87,16,120,1,1,0,380.3,172.84,207.46,4.1
REQ-10621,2026-01-06,2026-01-05,Web Form,Client Success,Service Follow-Up,Internal Staff,High,Closed,1.94,7.82,4,36,1,1,0,314.12,115.91,198.21,4.4
REQ-10002,2026-01-07,2026-01-05,Email,Billing,Billing Question,Student,Low,Closed,4.2,6.7,16,120,1,1,0,247.36,113.21,134.15,4.2
REQ-10215,2026-01-07,2026-01-05,Walk-In,Client Success,Service Follow-Up,Internal Staff,Low,Open,3.53,0.0,16,120,1,1,0,292.77,127.52,165.25,4.02
REQ-10310,2026-01-07,2026-01-05,Referral,Billing,Billing Question,Student,Normal,Closed,3.16,6.63,8,72,1,1,0,210,124.53,85.47,3.8
REQ-10605,2026-01-07,2026-01-05,Email,Client Success,Service Follow-Up,Student,Normal,Closed,4.73,6.6,8,72,1,1,0,325.6,102.9,222.7,4.38
REQ-10025,2026-01-08,2026-01-05,Email,Systems Operations,Intake Form Issue,Internal Staff,Low,In Progress,2.63,0.0,16,120,1,1,0,375.83,126.5,249.33,4.16
REQ-10073,2026-01-08,2026-01-05,Walk-In,Admin Operations,Vendor Record Update,Unknown,Low,Closed,3.25,19.99,16,120,1,1,0,245.5,85.92,159.57,4.27
REQ-10176,2026-01-08,2026-01-05,Web Form,Client Success,Service Follow-Up,Internal Staff,Normal,In Progress,2.05,0.0,8,72,1,1,0,263.9,124.91,138.99,4.15
REQ-10272,2026-01-08,2026-01-05,Web Form,Client Success,Service Follow-Up,Vendor,Normal,Closed,3.3,8.15,8,72,1,1,0,370.06,129.52,240.54,4.66
REQ-10434,2026-01-08,2026-01-05,Web Form,Scheduling,Appointment Change,Small Business,Normal,Open,2.32,0.0,8,72,1,1,0,137.75,59.5,78.25,4.1
REQ-10567,2026-01-08,2026-01-05,Web Form,Systems Operations,Automation Request,Student,Normal,Closed,2.44,18.0,8,72,1,1,0,1061.52,557.1,504.42,4.22
REQ-10201,2026-01-09,2026-01-05,Web Form,Scheduling,Appointment Change,Small Business,Low,Closed,1.36,6.87,16,120,1,1,0,156.78,39.6,117.18,4.65
REQ-10314,2026-01-09,2026-01-05,Email,Client Success,Service Follow-Up,Unknown,High,Open,1.58,0.0,4,36,1,1,0,286.8,135.45,151.35,4.14
REQ-10514,2026-01-09,2026-01-05,Email,Data & Reporting,Dashboard Request,Small Business,Normal,Open,4.08,0.0,8,72,1,1,0,775.45,195.72,579.73,4.01
REQ-10531,2026-01-09,2026-01-05,Phone,Billing,Billing Question,Internal Staff,Normal,Closed,2.73,29.06,8,72,1,1,0,197.05,58.56,138.49,4.14
REQ-10562,2026-01-09,2026-01-05,Email,Scheduling,Appointment Change,Student,Low,Closed,4.2,15.03,16,120,1,1,0,225.08,107.77,117.31,4.38
REQ-10618,2026-01-09,2026-01-05,Web Form,Systems Operations,Intake Form Issue,Vendor,Low,Open,4.97,0.0,16,120,1,1,0,496.24,160.65,335.59,4.08
REQ-10131,2026-01-10,2026-01-05,Email,Billing,Invoice Correction,Internal Staff,Normal,Closed,3.76,73.13,8,72,1,0,0,342.7,168.8,173.9,3.55
REQ-10392,2026-01-10,2026-01-05,Phone,Client Success,Service Follow-Up,Vendor,High,Closed,4.05,6.14,4,36,0,1,0,368.39,128.94,239.45,4.31
REQ-10403,2026-01-10,2026-01-05,Unknown,Systems Operations,Automation Request,Internal Staff,Normal,Closed,1.01,6.12,8,72,1,1,0,969.56,334.09,635.47,4.41
REQ-10452,2026-01-10,2026-01-05,Email,Systems Operations,Intake Form Issue,Internal Staff,Low,Closed,5.0,48.42,16,120,1,1,0,459.58,144.63,314.95,3.94
REQ-10466,2026-01-10,2026-01-05,Email,Systems Operations,Intake Form Issue,Student,Low,Closed,11.13,11.93,16,120,1,1,0,323.97,175.93,148.04,4.27
REQ-10517,2026-01-10,2026-01-05,Email,Billing,General Request,Student,Normal,Closed,1.76,6.69,8,72,1,1,0,210.15,85.71,124.44,4.63
REQ-10026,2026-01-11,2026-01-05,Web Form,Billing,Billing Question,Unknown,Normal,Closed,1.2,9.38,8,72,1,1,0,176.3,84.55,91.75,4.44
REQ-10116,2026-01-11,2026-01-05,Email,Client Success,Service Follow-Up,Internal Staff,Low,Closed,5.97,17.0,16,120,1,1,0,276.12,72.82,203.3,4.48
REQ-10145,2026-01-11,2026-01-05,Email,Admin Operations,Vendor Record Update,Unknown,Normal,Open,3.64,0.0,8,72,1,1,0,191.96,56.07,135.89,4.34
REQ-10293,2026-01-11,2026-01-05,Phone,IT Support,Account Setup,Parent,Normal,Closed,3.77,14.61,8,72,1,1,0,306.21,91.7,214.51,4.48
REQ-10362,2026-01-11,2026-01-05,Email,Billing,Invoice Correction,Vendor,High,Closed,2.98,6.14,4,36,1,1,0,280,112.41,167.59,4.15
REQ-10446,2026-01-11,2026-01-05,Phone,Admin Operations,Vendor Record Update,Vendor,Normal,Closed,3.05,7.98,8,72,1,1,0,167.06,47.1,119.96,4.36
REQ-10578,2026-01-11,2026-01-05,Web Form,Billing,Invoice Correction,Internal Staff,Normal,Closed,1.67,26.96,8,72,1,1,0,341.35,81.1,260.25,4.32
REQ-10000,2026-01-12,2026-01-12,Unknown,Scheduling,Appointment Change,Parent,Normal,In Progress,3.38,0.0,8,72,1,1,0,143.52,66.99,76.53,4.3
REQ-10139,2026-01-12,2026-01-12,Web Form,Billing,Billing Question,Small Business,Normal,Open,2.79,0.0,8,72,1,1,0,194.7,53.22,141.48,4.09
REQ-10069,2026-01-13,2026-01-12,Web Form,IT Support,Account Setup,Parent,Normal,Closed,2.3,17.52,8,72,1,1,0,298.97,95.25,203.72,4.21
REQ-10091,2026-01-13,2026-01-12,Email,Client Success,Service Follow-Up,Internal Staff,Normal,In Progress,7.17,0.0,8,72,1,1,1,234.44,84.97,149.47,3.83
REQ-10292,2026-01-13,2026-01-12,Walk-In,Data & Reporting,General Request,Vendor,High,In Progress,2.19,0.0,4,36,1,1,0,250,380.88,-130.88,4.12
REQ-10315,2026-01-13,2026-01-12,Email,Scheduling,Appointment Change,Internal Staff,Normal,Closed,5.88,7.14,8,72,1,1,0,160,71.44,88.56,4.3
REQ-10549,2026-01-13,2026-01-12,Email,Admin Operations,Vendor Record Update,Internal Staff,Low,Open,4.2,0.0,16,120,1,1,0,179.82,60.94,118.88,3.87
REQ-10592,2026-01-13,2026-01-12,Email,Data & Reporting,Data Export,Internal Staff,Normal,Closed,5.68,13.35,8,72,1,1,0,480,180.34,299.66,4.5
REQ-10637,2026-01-13,2026-01-12,Web Form,Billing,Billing Question,Parent,Normal,Closed,2.78,19.57,8,72,1,1,0,175.42,47.63,127.79,3.8
REQ-10154,2026-01-14,2026-01-12,Walk-In,Scheduling,Appointment Change,Parent,High,Closed,2.6,3.4,4,36,1,1,0,121.23,58.63,62.6,4.51
REQ-10199,2026-01-14,2026-01-12,Email,Data & Reporting,Dashboard Request,Student,High,Closed,4.46,10.83,4,36,0,1,0,908.1,248.78,659.32,3.8
REQ-10250,2026-01-14,2026-01-12,Web Form,Admin Operations,Vendor Record Update,Vendor,Normal,Open,5.05,0.0,8,72,1,1,0,194.49,60.44,134.05,4.29
REQ-10428,2026-01-14,2026-01-12,Email,IT Support,Account Setup,Student,Low,Closed,3.39,6.35,16,120,1,1,0,454.26,211.9,242.36,4.58
REQ-10489,2026-01-14,2026-01-12,Email,Client Success,Service Follow-Up,Small Business,Urgent,Open,1.32,0.0,2,24,1,1,0,245.34,75.49,169.85,3.8
REQ-10504,2026-01-14,2026-01-12,Email,Systems Operations,Automation Request,Small Business,Low,Closed,4.16,11.93,16,120,1,1,0,1130.85,531.55,599.3,4.3
REQ-10638,2026-01-14,2026-01-12,Walk-In,Data & Reporting,Dashboard Request,Small Business,Normal,Closed,2.35,6.43,8,72,1,1,0,1203.31,493.4,709.91,4.36
REQ-10124,2026-01-15,2026-01-12,Email,Data & Reporting,Dashboard Request,Small Business,Low,Open,5.65,0.0,16,120,1,1,0,808.5,195.73,612.77,4.0
REQ-10335,2026-01-15,2026-01-12,Email,Systems Operations,Automation Request,Small Business,Normal,Open,3.9,0.0,8,72,1,1,0,1605.51,449.0,1156.51,4.08
REQ-10394,2026-01-15,2026-01-12,Phone,Billing,Billing Question,Parent,High,In Progress,1.8,0.0,4,36,1,1,0,164.96,88.05,76.91,4.17
REQ-10543,2026-01-15,2026-01-12,Referral,Billing,Billing Question,Unknown,Normal,Closed,1.45,127.36,8,72,1,0,0,289.2,129.7,159.5,3.8
REQ-10577,2026-01-15,2026-01-12,Email,Admin Operations,Vendor Record Update,Small Business,Normal,Closed,3.56,9.04,8,72,1,1,0,257.44,109.29,148.15,4.46
REQ-10041,2026-01-16,2026-01-12,Email,Systems Operations,Intake Form Issue,Vendor,Low,Closed,3.01,34.01,16,120,1,1,0,314.69,108.88,205.81,4.3
REQ-10306,2026-01-16,2026-01-12,Walk-In,Client Success,Service Follow-Up,Parent,Normal,In Progress,1.56,0.0,8,72,1,1,0,297.21,116.05,181.16,3.8
REQ-10358,2026-01-16,2026-01-12,Email,Billing,General Request,Parent,Normal,Open,4.47,0.0,8,72,1,1,0,210.81,65.03,145.78,4.3
REQ-10626,2026-01-16,2026-01-12,Email,Systems Operations,Intake Form Issue,Vendor,Normal,Closed,6.22,13.0,8,72,1,1,1,381.46,210.54,170.92,4.07
REQ-10111,2026-01-17,2026-01-12,Web Form,Data & Reporting,Dashboard Request,Small Business,Normal,Closed,5.26,6.1,8,72,1,1,0,847.06,217.83,629.23,4.32
REQ-10237,2026-01-17,2026-01-12,Web Form,Client Success,Service Follow-Up,Vendor,High,Open,1.13,0.0,4,36,1,1,0,210.0,78.27,131.73,4.45
REQ-10541,2026-01-17,2026-01-12,Referral,Systems Operations,Intake Form Issue,Internal Staff,Normal,Closed,4.3,9.78,8,72,1,1,0,527.78,117.48,410.3,4.25
REQ-10627,2026-01-17,2026-01-12,Email,Admin Operations,Vendor Record Update,Student,Normal,Open,1.99,0.0,8,72,1,1,0,206.88,87.8,119.08,4.06
REQ-10200,2026-01-18,2026-01-12,Email,Systems Operations,Intake Form Issue,Student,Normal,Closed,2.87,8.75,8,72,1,1,0,390,84.87,305.13,4.36
REQ-10442,2026-01-18,2026-01-12,Web Form,Admin Operations,Vendor Record Update,Student,Normal,Closed,2.16,11.2,8,72,1,1,0,237.74,91.45,146.29,4.66
REQ-10591,2026-01-18,2026-01-12,Email,Data & Reporting,Dashboard Request,Parent,Normal,Open,3.29,0.0,8,72,1,1,0,1138.42,496.11,642.31,3.8
REQ-10090,2026-01-19,2026-01-19,Email,IT Support,Account Setup,Parent,Normal,Closed,4.1,14.6,8,72,1,1,0,362.2,161.55,200.65,4.51
REQ-10221,2026-01-19,2026-01-19,Web Form,Systems Operations,Automation Request,Vendor,High,In Progress,0.85,0.0,4,36,1,1,0,1117.13,334.11,783.02,4.19
REQ-10407,2026-01-19,2026-01-19,Phone,Data & Reporting,Data Export,Parent,Normal,Closed,3.88,13.1,8,72,1,1,1,560.88,287.9,272.98,4.12
REQ-10049,2026-01-20,2026-01-19,Email,Billing,Billing Question,Parent,High,Closed,1.07,1.87,4,36,1,1,1,210,191.18,18.82,4.2
REQ-10056,2026-01-20,2026-01-19,Referral,Billing,Billing Question,Parent,Normal,Closed,4.6,7.54,8,72,1,1,0,169.91,82.96,86.95,4.42
REQ-10229,2026-01-20,2026-01-19,Web Form,Data & Reporting,Data Export,Vendor,High,Open,1.77,0.0,4,36,1,1,0,489.75,158.51,331.24,4.32
REQ-10353,2026-01-20,2026-01-19,Email,Systems Operations,Intake Form Issue,Small Business,Low,In Progress,7.4,0.0,16,120,1,1,0,503.01,276.35,226.66,4.17
REQ-10473,2026-01-20,2026-01-19,Phone,Client Success,Service Follow-Up,Student,Normal,Closed,4.28,7.08,8,72,1,1,0,351.4,160.82,190.58,4.5
REQ-10508,2026-01-20,2026-01-19,Phone,Scheduling,Appointment Change,Student,High,Open,1.28,0.0,4,36,1,1,0,199.67,72.68,126.99,4.15
REQ-10600,2026-01-20,2026-01-19,Email,Data & Reporting,Dashboard Request,Internal Staff,High,Closed,1.46,19.16,4,36,1,1,1,832.0,524.48,307.52,3.94
REQ-10119,2026-01-21,2026-01-19,Email,Data & Reporting,Dashboard Request,Vendor,Normal,Closed,1.8,8.23,8,72,1,1,0,651.67,228.08,423.59,4.47
REQ-10167,2026-01-21,2026-01-19,Phone,Client Success,Service Follow-Up,Internal Staff,Normal,Closed,2.43,23.3,8,72,1,1,0,198.97,69.64,129.33,4.21
REQ-10175,2026-01-21,2026-01-19,Phone,Billing,Billing Question,Vendor,Normal,Closed,1.31,14.4,8,72,1,1,0,151.34,45.18,106.16,4.19
REQ-10243,2026-01-21,2026-01-19,Walk-In,Systems Operations,Intake Form Issue,Internal Staff,Normal,Closed,3.68,6.85,8,72,1,1,1,446.02,156.11,289.91,4.1
REQ-10331,2026-01-21,2026-01-19,Web Form,Billing,Billing Question,Small Business,High,Closed,2.47,9.92,4,36,1,1,0,210,79.58,130.42,4.54
REQ-10377,2026-01-21,2026-01-19,Walk-In,Billing,Billing Question,Internal Staff,High,In Progress,2.17,0.0,4,36,1,1,0,285.76,140.5,145.26,4.29
REQ-10404,2026-01-21,2026-01-19,Web Form,Billing,Invoice Correction,Small Business,High,In Progress,1.2,0.0,4,36,1,1,0,257.72,102.26,155.46,4.18
REQ-10469,2026-01-21,2026-01-19,Walk-In,Billing,Invoice Correction,Student,High,Closed,1.56,6.14,4,36,1,1,0,206.43,63.27,143.16,4.43
REQ-10013,2026-01-22,2026-01-19,Phone,Client Success,Service Follow-Up,Parent,High,Closed,1.08,12.12,4,36,1,1,0,244.25,85.56,158.69,4.61
REQ-10063,2026-01-22,2026-01-19,Web Form,Data & Reporting,Dashboard Request,Small Business,Urgent,In Progress,2.02,0.0,2,24,0,1,0,1000.7,306.71,693.99,4.16
REQ-10133,2026-01-22,2026-01-19,Web Form,Data & Reporting,Data Export,Student,Normal,Closed,3.9,10.13,8,72,1,1,1,551.75,436.35,115.4,4.13
REQ-10400,2026-01-22,2026-01-19,Referral,Scheduling,Appointment Change,Internal Staff,Normal,Closed,4.55,8.27,8,72,1,1,0,135.53,57.57,77.96,4.43
REQ-10413,2026-01-22,2026-01-19,Web Form,IT Support,Account Setup,Small Business,Normal,Open,2.65,0.0,8,72,1,1,1,240.35,174.96,65.39,3.84
REQ-10420,2026-01-22,2026-01-19,Unknown,Admin Operations,Vendor Record Update,Parent,Normal,Closed,7.37,8.8,8,72,1,1,0,204.66,50.27,154.39,4.14
REQ-10206,2026-01-23,2026-01-19,Email,Client Success,Service Follow-Up,Vendor,Normal,Open,3.28,0.0,8,72,1,1,0,267.6,91.27,176.33,4.15
REQ-10260,2026-01-23,2026-01-19,Email,Systems Operations,Automation Request,Internal Staff,Normal,Closed,7.83,8.75,8,72,1,1,0,1523.25,408.84,1114.41,4.36
REQ-10267,2026-01-23,2026-01-19,Email,Data & Reporting,Data Export,Internal Staff,High,Closed,2.82,9.32,4,36,1,1,0,395.28,147.67,247.61,4.34
REQ-10479,2026-01-23,2026-01-19,Email,Admin Operations,Vendor Record Update,Vendor,Normal,Closed,3.01,4.88,8,72,1,1,1,256.49,190.65,65.84,4.27
REQ-10615,2026-01-23,2026-01-19,Web Form,Systems Operations,Automation Request,Vendor,Normal,Open,1.67,0.0,8,72,1,1,0,1098.0,361.5,736.5,3.8
REQ-10022,2026-01-24,2026-01-19,Phone,Scheduling,Appointment Change,Internal Staff,Normal,In Progress,3.84,0.0,8,72,1,1,0,180.45,63.16,117.29,4.1
REQ-10075,2026-01-24,2026-01-19,Phone,Data & Reporting,Data Export,Internal Staff,Normal,Closed,3.32,10.3,8,72,1,1,1,636.73,429.84,206.89,4.09
REQ-10164,2026-01-24,2026-01-19,Email,IT Support,Account Setup,Small Business,Normal,Open,2.07,0.0,8,72,1,1,0,284.57,108.8,175.77,4.14
REQ-10290,2026-01-24,2026-01-19,Web Form,Billing,Billing Question,Parent,Normal,In Progress,2.22,0.0,8,72,1,1,0,166.31,90.38,75.93,4.26
REQ-10044,2026-01-25,2026-01-19,Email,Admin Operations,Vendor Record Update,Vendor,Normal,In Progress,3.14,0.0,8,72,1,1,0,180,33.0,147.0,4.38
REQ-10388,2026-01-25,2026-01-19,Walk-In,Billing,Billing Question,Student,Normal,Closed,1.45,8.8,8,72,1,1,0,210,55.5,154.5,4.4
REQ-10427,2026-01-25,2026-01-19,Web Form,Data & Reporting,Data Export,Small Business,High,Closed,1.55,5.77,4,36,1,1,0,480,246.64,233.36,4.57
REQ-10495,2026-01-25,2026-01-19,Email,Systems Operations,Intake Form Issue,Parent,Low,Closed,4.1,38.47,16,120,1,1,0,533.53,272.77,260.76,4.0
REQ-10538,2026-01-25,2026-01-19,Email,Admin Operations,Vendor Record Update,Vendor,Normal,In Progress,3.05,0.0,8,72,1,1,0,212.33,106.43,105.9,4.3
REQ-10542,2026-01-25,2026-01-19,Walk-In,Client Success,Service Follow-Up,Small Business,Normal,Closed,2.49,15.85,8,72,1,1,0,285.03,87.45,197.58,4.34
REQ-10058,2026-01-26,2026-01-26,Unknown,Billing,Invoice Correction,Vendor,Normal,Closed,3.5,23.36,8,72,1,1,0,391.45,170.16,221.29,4.5
REQ-10060,2026-01-26,2026-01-26,Unknown,Billing,Billing Question,Small Business,Low,Closed,2.68,30.46,16,120,1,1,1,210,136.4,73.6,3.98
REQ-10348,2026-01-26,2026-01-26,Phone,Scheduling,Appointment Change,Small Business,High,Closed,1.54,4.68,4,36,1,1,1,192.03,84.55,107.48,4.16
REQ-10516,2026-01-26,2026-01-26,Web Form,Billing,Billing Question,Small Business,Normal,Closed,2.91,16.31,8,72,1,1,0,208.04,50.06,157.98,4.24
REQ-10527,2026-01-26,2026-01-26,Email,IT Support,Account Setup,Small Business,High,In Progress,0.64,0.0,4,36,1,1,0,387.58,135.65,251.93,4.25
REQ-10217,2026-01-27,2026-01-26,Web Form,Client Success,Service Follow-Up,Unknown,High,In Progress,2.52,0.0,4,36,1,1,0,327.87,131.93,195.94,4.29
REQ-10308,2026-01-27,2026-01-26,Web Form,Billing,Billing Question,Unknown,Normal,Closed,3.55,16.44,8,72,1,1,0,295.36,140.6,154.76,4.22
REQ-10588,2026-01-27,2026-01-26,Walk-In,IT Support,Account Setup,Vendor,High,Closed,1.94,13.0,4,36,1,1,0,431.03,152.23,278.8,4.65
REQ-10042,2026-01-28,2026-01-26,Phone,Admin Operations,Vendor Record Update,Internal Staff,Normal,In Progress,2.37,0.0,8,72,1,1,0,180,72.6,107.4,4.1
REQ-10113,2026-01-28,2026-01-26,Referral,Billing,Billing Question,Parent,Normal,Closed,4.92,29.52,8,72,1,1,0,246.6,83.73,162.87,4.3
REQ-10368,2026-01-28,2026-01-26,Email,Client Success,Service Follow-Up,Internal Staff,Normal,Closed,2.12,18.0,8,72,1,1,0,191.07,66.87,124.2,4.59
REQ-10632,2026-01-28,2026-01-26,Email,Billing,Billing Question,Student,Normal,Open,1.4,0.0,8,72,1,1,0,239.34,75.39,163.95,4.63
REQ-10024,2026-01-29,2026-01-26,Web Form,Scheduling,Appointment Change,Student,Normal,Closed,3.41,7.1,8,72,1,1,0,203.0,71.05,131.95,4.66
REQ-10153,2026-01-29,2026-01-26,Web Form,Admin Operations,Vendor Record Update,Internal Staff,Low,In Progress,6.7,0.0,16,120,1,1,0,190.83,98.44,92.39,3.94
REQ-10172,2026-01-29,2026-01-26,Web Form,Data & Reporting,Dashboard Request,Internal Staff,High,In Progress,3.4,0.0,4,36,1,1,0,850,423.06,426.94,4.32
REQ-10444,2026-01-29,2026-01-26,Email,Billing,Billing Question,Parent,Normal,Closed,4.51,33.75,8,72,1,1,0,260.98,112.0,148.98,4.23
REQ-10464,2026-01-29,2026-01-26,Web Form,Client Success,Service Follow-Up,Internal Staff,Normal,Closed,1.78,8.75,8,72,1,1,0,311.0,78.66,232.34,4.55
REQ-10519,2026-01-29,2026-01-26,Phone,Scheduling,Appointment Change,Parent,Normal,Open,2.73,0.0,8,72,1,1,0,192.19,100.52,91.67,4.29
REQ-10565,2026-01-29,2026-01-26,Web Form,Data & Reporting,Data Export,Small Business,Low,Closed,4.2,30.34,16,120,1,1,0,655.76,203.44,452.32,4.42
REQ-10569,2026-01-29,2026-01-26,Email,Data & Reporting,Dashboard Request,Small Business,Normal,Closed,2.9,23.17,8,72,1,1,1,722.34,246.52,475.82,3.88
REQ-10086,2026-01-30,2026-01-26,Web Form,Billing,Billing Question,Small Business,High,Closed,1.81,9.39,4,36,1,1,0,293.05,119.5,173.55,4.43
REQ-10142,2026-01-30,2026-01-26,Web Form,Admin Operations,Vendor Record Update,Vendor,Low,Closed,14.23,15.48,16,120,1,1,0,198.57,55.49,143.08,3.88
REQ-10371,2026-01-30,2026-01-26,Email,Scheduling,Appointment Change,Internal Staff,Normal,In Progress,5.21,0.0,8,72,1,1,0,222.74,64.3,158.44,4.2
REQ-10399,2026-01-30,2026-01-26,Web Form,IT Support,Account Setup,Student,Normal,Closed,1.65,5.35,8,72,1,1,0,375.17,85.08,290.09,4.7
REQ-10484,2026-01-30,2026-01-26,Email,Client Success,Service Follow-Up,Student,High,Closed,5.3,14.48,4,36,0,1,0,199.36,90.2,109.16,4.4
REQ-10525,2026-01-30,2026-01-26,Referral,Data & Reporting,Dashboard Request,Internal Staff,Normal,Closed,4.68,5.48,8,72,1,1,0,1231.95,414.8,817.15,4.45
REQ-10106,2026-01-31,2026-01-26,Phone,Data & Reporting,Data Export,Vendor,High,Closed,1.85,16.87,4,36,1,1,0,480,131.64,348.36,4.44
REQ-10271,2026-01-31,2026-01-26,Web Form,Billing,Invoice Correction,Parent,Low,Closed,2.23,52.03,16,120,1,1,0,235.16,117.51,117.65,4.1
REQ-10284,2026-01-31,2026-01-26,Walk-In,IT Support,Account Setup,Internal Staff,Normal,Closed,4.53,5.7,8,72,1,1,0,235.48,66.64,168.84,4.31
REQ-10454,2026-01-31,2026-01-26,Web Form,Scheduling,Appointment Change,Student,Low,Closed,2.42,8.9,16,120,1,1,0,122.98,30.06,92.92,4.68
REQ-10534,2026-01-31,2026-01-26,Phone,Client Success,Service Follow-Up,Internal Staff,High,Closed,1.94,8.95,4,36,1,1,0,261.39,133.97,127.42,4.43
REQ-10571,2026-01-31,2026-01-26,Unknown,Systems Operations,Automation Request,Student,Normal,Open,1.8,0.0,8,72,1,1,0,1628.21,589.33,1038.88,4.08
REQ-10081,2026-02-01,2026-01-26,Email,Scheduling,Appointment Change,Parent,Normal,In Progress,3.05,0.0,8,72,1,1,0,117.94,54.49,63.45,3.99
REQ-10103,2026-02-01,2026-01-26,Email,Billing,Invoice Correction,Parent,Normal,In Progress,3.45,0.0,8,72,1,1,0,301.52,88.19,213.33,4.17
REQ-10245,2026-02-01,2026-01-26,Email,IT Support,Account Setup,Internal Staff,Normal,Closed,3.71,8.75,8,72,1,1,0,367.68,201.51,166.17,4.4
REQ-10460,2026-02-01,2026-01-26,Unknown,Scheduling,Appointment Change,Parent,Normal,In Progress,1.46,0.0,8,72,1,1,0,160,85.15,74.85,4.37
REQ-10532,2026-02-01,2026-01-26,Unknown,Scheduling,Appointment Change,Unknown,Normal,Closed,2.06,8.75,8,72,1,1,0,175.79,95.43,80.36,4.7
REQ-10579,2026-02-01,2026-01-26,Email,Client Success,Service Follow-Up,Vendor,High,Open,3.4,0.0,4,36,1,1,0,254.91,79.25,175.66,4.16
REQ-10100,2026-02-02,2026-02-02,Walk-In,Client Success,Service Follow-Up,Vendor,Normal,Closed,4.21,5.01,8,72,1,1,0,302.2,89.38,212.82,4.36
REQ-10152,2026-02-02,2026-02-02,Phone,Admin Operations,Vendor Record Update,Student,High,Closed,5.58,12.63,4,36,0,1,0,185.82,86.22,99.6,3.8
REQ-10186,2026-02-02,2026-02-02,Web Form,Systems Operations,Intake Form Issue,Small Business,Normal,In Progress,4.4,0.0,8,72,1,1,0,532.47,257.26,275.21,4.03
REQ-10227,2026-02-02,2026-02-02,Email,Data & Reporting,Dashboard Request,Parent,Normal,Closed,3.84,7.47,8,72,1,1,0,850,306.92,543.08,4.4
REQ-10341,2026-02-02,2026-02-02,Web Form,Systems Operations,Automation Request,Vendor,Low,Closed,7.06,91.24,16,120,1,1,0,1200,548.42,651.58,3.26
REQ-10391,2026-02-02,2026-02-02,Web Form,Scheduling,Appointment Change,Small Business,Urgent,Open,1.32,0.0,2,24,1,1,0,164.93,70.73,94.2,4.29
REQ-10415,2026-02-03,2026-02-02,Web Form,Billing,Billing Question,Student,Low,Open,13.35,0.0,16,120,1,1,0,210,101.49,108.51,4.0
REQ-10506,2026-02-03,2026-02-02,Web Form,Scheduling,Appointment Change,Internal Staff,Low,Closed,1.75,9.62,16,120,1,1,0,172.57,87.26,85.31,3.8
REQ-10570,2026-02-03,2026-02-02,Phone,Admin Operations,Vendor Record Update,Internal Staff,Normal,Closed,1.64,15.6,8,72,1,1,0,208.5,46.43,162.07,4.52
REQ-10085,2026-02-04,2026-02-02,Email,Scheduling,Appointment Change,Parent,Normal,Closed,3.05,6.8,8,72,1,1,0,212.63,58.5,154.13,4.6
REQ-10207,2026-02-04,2026-02-02,Phone,Client Success,Service Follow-Up,Vendor,Normal,Closed,2.6,15.62,8,72,1,1,0,315.59,79.0,236.59,4.53
REQ-10220,2026-02-04,2026-02-02,Referral,Admin Operations,General Request,Parent,High,Open,1.51,0.0,4,36,1,1,0,250,83.85,166.15,4.23
REQ-10265,2026-02-04,2026-02-02,Email,Client Success,General Request,Vendor,Normal,Closed,2.48,7.6,8,72,1,1,0,364.13,90.34,273.79,4.65
REQ-10082,2026-02-05,2026-02-02,Email,Billing,Billing Question,Vendor,Normal,Closed,14.13,15.1,8,72,0,1,1,248.32,86.91,161.41,3.7
REQ-10161,2026-02-05,2026-02-02,Email,Billing,Invoice Correction,Parent,Normal,Closed,1.91,24.09,8,72,1,1,0,289.54,133.09,156.45,4.2
REQ-10169,2026-02-05,2026-02-02,Web Form,Admin Operations,Vendor Record Update,Small Business,Normal,Closed,2.62,15.09,8,72,1,1,0,141.91,63.76,78.15,4.46
REQ-10256,2026-02-05,2026-02-02,Email,Scheduling,Appointment Change,Student,Low,Closed,5.51,11.93,16,120,1,1,0,144.99,49.82,95.17,4.31
REQ-10450,2026-02-05,2026-02-02,Web Form,Client Success,Service Follow-Up,Student,Urgent,Closed,1.1,5.04,2,24,1,1,0,365.24,177.2,188.04,4.53
REQ-10555,2026-02-05,2026-02-02,Email,Data & Reporting,Data Export,Vendor,Normal,Closed,3.27,9.53,8,72,1,1,0,480,124.8,355.2,3.8
REQ-10584,2026-02-05,2026-02-02,Email,Billing,Billing Question,Internal Staff,Low,In Progress,3.05,0.0,16,120,1,1,0,220.22,117.69,102.53,4.05
REQ-10594,2026-02-05,2026-02-02,Web Form,Systems Operations,Automation Request,Parent,Normal,Closed,1.14,5.2,8,72,1,1,0,1642.19,405.08,1237.11,4.48
REQ-10286,2026-02-06,2026-02-02,Email,Systems Operations,Automation Request,Vendor,High,Open,3.1,0.0,4,36,1,1,0,1200,505.9,694.1,4.37
REQ-10288,2026-02-06,2026-02-02,Email,Scheduling,Appointment Change,Vendor,Normal,In Progress,3.05,0.0,8,72,1,1,0,150.86,44.16,106.7,4.0
REQ-10529,2026-02-06,2026-02-02,Referral,Billing,Billing Question,Internal Staff,Low,Closed,9.76,30.5,16,120,1,1,0,190.79,67.22,123.57,3.84
REQ-10114,2026-02-07,2026-02-02,Walk-In,Billing,Invoice Correction,Student,High,Closed,1.68,5.03,4,36,1,1,1,305.3,124.15,181.15,4.37
REQ-10416,2026-02-07,2026-02-02,Web Form,Admin Operations,Vendor Record Update,Vendor,Normal,Closed,1.5,10.68,8,72,1,1,0,206.94,103.19,103.75,4.49
REQ-10503,2026-02-07,2026-02-02,Email,Systems Operations,Automation Request,Student,Normal,Closed,3.0,58.2,8,72,1,1,0,1058.83,536.01,522.82,3.91
REQ-10576,2026-02-07,2026-02-02,Email,Billing,Invoice Correction,Internal Staff,Normal,In Progress,6.11,0.0,8,72,1,1,1,377.9,164.07,213.83,3.68
REQ-10005,2026-02-08,2026-02-02,Referral,Systems Operations,Intake Form Issue,Parent,High,Closed,4.72,19.59,4,36,0,1,0,381.16,133.41,247.75,4.45
REQ-10065,2026-02-08,2026-02-02,Phone,Systems Operations,Intake Form Issue,Vendor,High,Closed,0.45,11.69,4,36,1,1,0,503.13,250.74,252.39,4.49
REQ-10163,2026-02-08,2026-02-02,Email,Data & Reporting,Dashboard Request,Internal Staff,Normal,Closed,5.17,28.68,8,72,1,1,1,1022.0,352.0,670.0,3.83
REQ-10202,2026-02-08,2026-02-02,Web Form,IT Support,Account Setup,Internal Staff,Normal,In Progress,1.96,0.0,8,72,1,1,0,420.38,161.63,258.75,4.37
REQ-10244,2026-02-08,2026-02-02,Email,Data & Reporting,Data Export,Small Business,Normal,Closed,14.55,8.75,8,72,0,1,0,546.19,242.62,303.57,3.8
REQ-10062,2026-02-09,2026-02-09,Referral,Data & Reporting,Data Export,Parent,Normal,In Progress,7.62,0.0,8,72,1,1,0,671.83,323.98,347.85,4.1
REQ-10072,2026-02-09,2026-02-09,Web Form,Scheduling,Appointment Change,Unknown,Normal,Open,3.05,0.0,8,72,1,1,0,118.5,28.52,89.98,4.13
REQ-10089,2026-02-09,2026-02-09,Phone,Client Success,Service Follow-Up,Vendor,Low,Closed,3.59,15.65,16,120,1,1,0,265.6,138.88,126.72,3.8
REQ-10115,2026-02-09,2026-02-09,Referral,Admin Operations,Vendor Record Update,Student,Low,Closed,3.7,12.26,16,120,1,1,0,198.05,59.01,139.04,4.31
REQ-10140,2026-02-09,2026-02-09,Email,Data & Reporting,Data Export,Student,Normal,Closed,3.05,11.54,8,72,1,1,0,480,211.12,268.88,4.17
REQ-10318,2026-02-09,2026-02-09,Unknown,Scheduling,Appointment Change,Internal Staff,Normal,In Progress,4.21,0.0,8,72,1,1,0,161.54,82.21,79.33,4.28
REQ-10425,2026-02-09,2026-02-09,Email,Client Success,Service Follow-Up,Small Business,Low,In Progress,6.64,0.0,16,120,1,1,1,358.19,105.94,252.25,3.82
REQ-10461,2026-02-09,2026-02-09,Walk-In,Admin Operations,Vendor Record Update,Student,Urgent,Closed,0.9,2.32,2,24,1,1,0,250.05,87.52,162.53,4.46
REQ-10011,2026-02-10,2026-02-09,Unknown,Data & Reporting,Data Export,Student,Low,Closed,3.85,21.23,16,120,1,1,1,445.76,213.89,231.87,3.99
REQ-10020,2026-02-10,2026-02-09,Email,Systems Operations,Intake Form Issue,Vendor,Low,In Progress,9.44,0.0,16,120,1,1,0,493.93,114.87,379.06,3.87
REQ-10099,2026-02-10,2026-02-09,Web Form,Data & Reporting,Data Export,Parent,High,In Progress,1.48,0.0,4,36,1,1,0,678.69,228.0,450.69,4.12
REQ-10367,2026-02-10,2026-02-09,Email,Scheduling,Appointment Change,Parent,Normal,In Progress,4.62,0.0,8,72,1,1,0,122.25,42.79,79.46,3.99
REQ-10390,2026-02-10,2026-02-09,Walk-In,IT Support,Account Setup,Small Business,High,Closed,4.4,8.13,4,36,0,1,0,454.38,159.03,295.35,4.5
REQ-10004,2026-02-11,2026-02-09,Web Form,Systems Operations,Intake Form Issue,Small Business,High,Closed,1.44,25.4,4,36,1,1,0,314.48,110.26,204.22,4.52
REQ-10120,2026-02-11,2026-02-09,Phone,Client Success,Service Follow-Up,Parent,High,Closed,2.21,7.32,4,36,1,1,0,345.62,174.52,171.1,4.35
REQ-10196,2026-02-11,2026-02-09,Email,Admin Operations,Vendor Record Update,Internal Staff,Normal,Closed,3.05,26.82,8,72,1,1,0,228.44,58.04,170.4,4.14
REQ-10282,2026-02-11,2026-02-09,Email,Systems Operations,Intake Form Issue,Vendor,Normal,Closed,7.08,8.21,8,72,1,1,1,299.91,212.62,87.29,3.95
REQ-10380,2026-02-11,2026-02-09,Referral,Admin Operations,Vendor Record Update,Vendor,Normal,Closed,5.04,12.0,8,72,1,1,0,189.63,82.04,107.59,4.54
REQ-10395,2026-02-11,2026-02-09,Web Form,Admin Operations,Vendor Record Update,Vendor,Normal,In Progress,2.03,0.0,8,72,1,1,0,251.03,130.24,120.79,3.8
REQ-10580,2026-02-11,2026-02-09,Email,Billing,Billing Question,Student,Low,Closed,8.79,17.61,16,120,1,1,1,234.98,175.5,59.48,3.8
REQ-10629,2026-02-11,2026-02-09,Email,Admin Operations,Vendor Record Update,Parent,Normal,Closed,4.17,10.89,8,72,1,1,0,132.04,31.46,100.58,4.45
REQ-10017,2026-02-12,2026-02-09,Referral,Billing,Billing Question,Internal Staff,Low,Closed,10.76,21.46,16,120,1,1,1,157.18,65.92,91.26,3.66
REQ-10174,2026-02-12,2026-02-09,Web Form,Admin Operations,Vendor Record Update,Parent,High,Closed,2.71,6.14,4,36,1,1,0,199.19,91.64,107.55,4.36
REQ-10177,2026-02-12,2026-02-09,Referral,Systems Operations,Automation Request,Internal Staff,Low,Open,4.8,0.0,16,120,1,1,0,1699.2,594.72,1104.48,4.08
REQ-10208,2026-02-12,2026-02-09,Phone,Billing,Invoice Correction,Parent,Normal,In Progress,1.37,0.0,8,72,1,1,0,332.7,90.11,242.59,4.1
REQ-10223,2026-02-12,2026-02-09,Email,Admin Operations,Vendor Record Update,Vendor,Normal,Closed,5.14,11.89,8,72,1,1,0,135.49,61.84,73.65,4.26
REQ-10252,2026-02-12,2026-02-09,Phone,Admin Operations,Vendor Record Update,Unknown,Normal,Open,2.38,0.0,8,72,1,1,0,232.18,53.97,178.21,4.26
REQ-10285,2026-02-12,2026-02-09,Email,Client Success,Service Follow-Up,Vendor,Normal,Closed,5.47,6.66,8,72,1,1,0,343.64,169.79,173.85,4.47
REQ-10608,2026-02-12,2026-02-09,Web Form,Client Success,Service Follow-Up,Small Business,Normal,Closed,1.96,8.06,8,72,1,1,0,223.3,88.12,135.18,4.49
REQ-10631,2026-02-12,2026-02-09,Email,Admin Operations,Vendor Record Update,Internal Staff,Normal,In Progress,3.2,0.0,8,72,1,1,0,201.7,56.1,145.6,4.26
REQ-10064,2026-02-13,2026-02-09,Web Form,Data & Reporting,Dashboard Request,Parent,Normal,Closed,2.27,17.35,8,72,1,1,0,849.68,395.56,454.12,3.8
REQ-10071,2026-02-13,2026-02-09,Email,Billing,Invoice Correction,Vendor,Low,Closed,14.27,15.07,16,120,1,1,0,271.3,95.22,176.08,3.88
REQ-10240,2026-02-13,2026-02-09,Unknown,Admin Operations,Vendor Record Update,Parent,Low,Closed,7.57,12.37,16,120,1,1,1,145.78,85.35,60.43,3.88
REQ-10333,2026-02-13,2026-02-09,Email,Systems Operations,Intake Form Issue,Parent,Normal,Closed,3.05,7.46,8,72,1,1,1,390,278.3,111.7,3.88
REQ-10497,2026-02-13,2026-02-09,Phone,Admin Operations,Vendor Record Update,Parent,Normal,Closed,3.05,4.2,8,72,1,1,0,205.64,108.62,97.02,4.72
REQ-10559,2026-02-13,2026-02-09,Web Form,IT Support,Account Setup,Parent,Low,Closed,4.2,11.63,16,120,1,1,0,402.11,169.73,232.38,4.44
REQ-10080,2026-02-14,2026-02-09,Email,IT Support,Account Setup,Vendor,Low,Closed,4.85,14.01,16,120,1,1,0,298.27,114.49,183.78,4.37
REQ-10222,2026-02-14,2026-02-09,Email,Data & Reporting,Data Export,Parent,Low,Closed,4.2,10.38,16,120,1,1,1,480,388.98,91.02,4.09
REQ-10261,2026-02-14,2026-02-09,Referral,Billing,Billing Question,Student,High,Closed,1.9,13.8,4,36,1,1,0,266.03,142.13,123.9,4.3
REQ-10343,2026-02-14,2026-02-09,Referral,Client Success,Service Follow-Up,Student,High,Open,1.94,0.0,4,36,1,1,0,371.71,197.63,174.08,4.14
REQ-10349,2026-02-14,2026-02-09,Email,Data & Reporting,Dashboard Request,Parent,Urgent,Open,1.33,0.0,2,24,1,1,0,877.23,307.9,569.33,4.29
REQ-10405,2026-02-14,2026-02-09,Web Form,Data & Reporting,Data Export,Small Business,Low,Open,3.01,0.0,16,120,1,1,0,459.16,214.77,244.39,4.09
REQ-10512,2026-02-14,2026-02-09,Web Form,Billing,Invoice Correction,Vendor,Normal,Closed,2.27,7.66,8,72,1,1,0,303.41,130.4,173.01,4.51
REQ-10546,2026-02-14,2026-02-09,Email,IT Support,Account Setup,Parent,Normal,In Progress,6.26,0.0,8,72,1,1,0,451.91,202.5,249.41,4.21
REQ-10574,2026-02-14,2026-02-09,Unknown,Client Success,Service Follow-Up,Student,Normal,Closed,17.53,18.33,8,72,0,1,0,231.38,113.88,117.5,3.98
REQ-10128,2026-02-15,2026-02-09,Walk-In,Scheduling,Appointment Change,Vendor,Normal,In Progress,5.41,0.0,8,72,1,1,0,200.25,53.37,146.88,4.21
REQ-10274,2026-02-15,2026-02-09,Phone,Data & Reporting,Data Export,Student,Low,Closed,3.85,13.42,16,120,1,1,0,408.31,122.48,285.83,4.28
REQ-10280,2026-02-15,2026-02-09,Web Form,Client Success,Service Follow-Up,Student,High,Closed,3.89,28.28,4,36,1,1,1,264.61,97.15,167.46,3.8
REQ-10496,2026-02-15,2026-02-09,Referral,Billing,Billing Question,Student,Low,Closed,5.54,15.62,16,120,1,1,0,152.91,79.18,73.73,4.26
REQ-10585,2026-02-15,2026-02-09,Phone,Scheduling,Appointment Change,Internal Staff,Low,Closed,2.5,13.44,16,120,1,1,0,172.48,61.35,111.13,4.37
REQ-10589,2026-02-15,2026-02-09,Web Form,Billing,Billing Question,Student,Normal,In Progress,1.27,0.0,8,72,1,1,0,256.04,89.61,166.43,4.13
REQ-10148,2026-02-16,2026-02-16,Email,Systems Operations,Automation Request,Student,Normal,Closed,2.95,15.69,8,72,1,1,0,1032.76,315.31,717.45,4.29
REQ-10195,2026-02-16,2026-02-16,Email,Data & Reporting,Dashboard Request,Internal Staff,Normal,Closed,3.05,9.35,8,72,1,1,0,879.3,341.33,537.97,4.4
REQ-10247,2026-02-16,2026-02-16,Phone,Data & Reporting,Data Export,Unknown,Normal,Closed,2.25,21.09,8,72,1,1,1,620.11,217.04,403.07,4.05
REQ-10440,2026-02-16,2026-02-16,Web Form,Client Success,Service Follow-Up,Vendor,Low,Closed,7.68,18.7,16,120,1,1,0,363.4,126.0,237.4,4.3
REQ-10500,2026-02-16,2026-02-16,Email,Data & Reporting,Data Export,Small Business,Low,Open,9.25,0.0,16,120,1,1,1,624.11,218.44,405.67,3.59
REQ-10613,2026-02-16,2026-02-16,Web Form,IT Support,Account Setup,Student,Low,In Progress,4.57,0.0,16,120,1,1,0,320,153.86,166.14,4.19
REQ-10076,2026-02-17,2026-02-16,Walk-In,IT Support,Account Setup,Internal Staff,Normal,Closed,3.05,6.89,8,72,1,1,0,292.2,83.46,208.74,4.58
REQ-10150,2026-02-17,2026-02-16,Phone,Data & Reporting,Data Export,Small Business,Normal,Closed,3.99,13.57,8,72,1,1,0,618.36,295.92,322.44,4.56
REQ-10159,2026-02-17,2026-02-16,Referral,Billing,Billing Question,Student,Normal,Open,4.04,0.0,8,72,1,1,0,295.63,143.25,152.38,4.06
REQ-10411,2026-02-17,2026-02-16,Referral,Billing,Billing Question,Parent,High,Closed,3.39,11.23,4,36,1,1,0,174.32,83.77,90.55,4.35
REQ-10482,2026-02-17,2026-02-16,Phone,Billing,Billing Question,Internal Staff,Urgent,Closed,0.97,2.14,2,24,1,1,0,204.58,93.56,111.02,4.75
REQ-10548,2026-02-17,2026-02-16,Email,Billing,Invoice Correction,Student,Normal,Closed,1.76,8.75,8,72,1,1,0,390.58,190.07,200.51,4.56
REQ-10557,2026-02-17,2026-02-16,Web Form,Billing,Billing Question,Internal Staff,Normal,Open,4.1,0.0,8,72,1,1,0,151.67,53.08,98.59,4.26
REQ-10104,2026-02-18,2026-02-16,Email,Systems Operations,Intake Form Issue,Small Business,Normal,Closed,2.73,106.52,8,72,1,0,0,318.87,119.6,199.27,4.31
REQ-10155,2026-02-18,2026-02-16,Web Form,Data & Reporting,Dashboard Request,Small Business,Urgent,Closed,1.14,2.86,2,24,1,1,0,714.52,197.42,517.1,4.67
REQ-10230,2026-02-18,2026-02-16,Web Form,Billing,Billing Question,Vendor,Normal,In Progress,2.71,0.0,8,72,1,1,1,210,73.5,136.5,4.07
REQ-10312,2026-02-18,2026-02-16,Web Form,IT Support,General Request,Parent,Normal,Closed,2.38,7.7,8,72,1,1,0,421.16,147.41,273.75,4.57
REQ-10361,2026-02-18,2026-02-16,Walk-In,Systems Operations,Intake Form Issue,Internal Staff,Urgent,Open,1.05,0.0,2,24,1,1,0,421.77,111.85,309.92,4.09
REQ-10375,2026-02-18,2026-02-16,Email,Billing,Invoice Correction,Small Business,High,Closed,2.95,12.64,4,36,1,1,1,322.27,139.9,182.37,4.02
REQ-10436,2026-02-18,2026-02-16,Web Form,Data & Reporting,Dashboard Request,Small Business,Normal,Closed,3.94,23.78,8,72,1,1,0,788.1,341.34,446.76,3.8
REQ-10480,2026-02-18,2026-02-16,Email,Data & Reporting,Dashboard Request,Student,Low,Closed,3.94,24.26,16,120,1,1,0,741.34,205.41,535.93,4.24
REQ-10625,2026-02-18,2026-02-16,Web Form,Admin Operations,Vendor Record Update,Internal Staff,High,Closed,2.53,13.08,4,36,1,1,0,141.94,61.22,80.72,4.35
REQ-10023,2026-02-19,2026-02-16,Email,Scheduling,Appointment Change,Vendor,Normal,Closed,4.69,8.75,8,72,1,1,1,194.19,78.54,115.65,4.08
REQ-10059,2026-02-19,2026-02-16,Walk-In,Billing,Billing Question,Internal Staff,Normal,Closed,1.09,6.17,8,72,1,1,0,195.94,102.0,93.94,4.62
REQ-10234,2026-02-19,2026-02-16,Web Form,Data & Reporting,Data Export,Small Business,High,Closed,1.94,10.45,4,36,1,1,0,480.75,168.26,312.49,4.46
REQ-10275,2026-02-19,2026-02-16,Web Form,Billing,Invoice Correction,Vendor,Low,In Progress,2.53,0.0,16,120,1,1,1,377.6,130.9,246.7,3.97
REQ-10338,2026-02-19,2026-02-16,Web Form,Admin Operations,Vendor Record Update,Small Business,Normal,Open,4.38,0.0,8,72,1,1,0,257.78,85.35,172.43,4.09
REQ-10448,2026-02-19,2026-02-16,Phone,Billing,Invoice Correction,Vendor,Low,Closed,3.55,9.97,16,120,1,1,0,292.7,141.02,151.68,4.42
REQ-10487,2026-02-19,2026-02-16,Web Form,Data & Reporting,Dashboard Request,Internal Staff,Low,Open,2.58,0.0,16,120,1,1,0,899.35,461.4,437.95,4.3
REQ-10533,2026-02-19,2026-02-16,Email,Admin Operations,Vendor Record Update,Unknown,Urgent,In Progress,0.95,0.0,2,24,1,1,0,135.96,35.45,100.51,4.35
REQ-10609,2026-02-19,2026-02-16,Walk-In,Client Success,Service Follow-Up,Vendor,High,In Progress,1.27,0.0,4,36,1,1,0,268.95,80.14,188.81,4.32
REQ-10006,2026-02-20,2026-02-16,Referral,IT Support,Account Setup,Small Business,Low,Closed,4.2,13.18,16,120,1,1,1,263.83,180.39,83.44,4.15
REQ-10118,2026-02-20,2026-02-16,Referral,Client Success,Service Follow-Up,Internal Staff,Normal,Closed,1.5,25.4,8,72,1,1,0,246.06,109.2,136.86,4.34
REQ-10304,2026-02-20,2026-02-16,Walk-In,Billing,Invoice Correction,Internal Staff,Normal,Closed,3.06,15.8,8,72,1,1,1,307.25,152.32,154.93,4.13
REQ-10347,2026-02-20,2026-02-16,Email,IT Support,Account Setup,Internal Staff,High,Closed,2.84,6.14,4,36,1,1,0,303.61,89.91,213.7,4.63
REQ-10383,2026-02-20,2026-02-16,Web Form,Client Success,Service Follow-Up,Vendor,Normal,In Progress,1.52,0.0,8,72,1,1,0,370.72,111.09,259.63,4.29
REQ-10498,2026-02-20,2026-02-16,Email,Data & Reporting,Dashboard Request,Parent,Normal,Closed,2.32,6.68,8,72,1,1,1,779.07,408.53,370.54,3.99
REQ-10513,2026-02-21,2026-02-16,Referral,Billing,Billing Question,Vendor,High,Open,2.2,0.0,4,36,1,1,0,293.01,102.55,190.46,4.12
REQ-10568,2026-02-21,2026-02-16,Web Form,Billing,Invoice Correction,Parent,Normal,In Progress,2.54,0.0,8,72,1,1,0,231.29,101.76,129.53,3.8
REQ-10603,2026-02-21,2026-02-16,Web Form,Admin Operations,Vendor Record Update,Student,High,Closed,2.1,18.26,4,36,1,1,1,196.4,112.85,83.55,4.11
REQ-10636,2026-02-21,2026-02-16,Web Form,IT Support,Account Setup,Small Business,Normal,Open,3.05,0.0,8,72,1,1,0,363.08,103.85,259.23,4.03
REQ-10125,2026-02-22,2026-02-16,Referral,Systems Operations,Automation Request,Internal Staff,Normal,In Progress,1.58,0.0,8,72,1,1,0,1207.07,435.48,771.59,4.24
REQ-10160,2026-02-22,2026-02-16,Walk-In,Data & Reporting,Dashboard Request,Student,High,Open,1.91,0.0,4,36,1,1,0,811.68,372.0,439.68,4.4
REQ-10235,2026-02-22,2026-02-16,Email,Client Success,Service Follow-Up,Unknown,Low,Closed,6.87,16.2,16,120,1,1,0,373.7,111.2,262.5,4.17
REQ-10236,2026-02-22,2026-02-16,Email,Systems Operations,Intake Form Issue,Student,Normal,In Progress,7.73,0.0,8,72,1,1,1,301.93,170.24,131.69,3.72
REQ-10321,2026-02-22,2026-02-16,Walk-In,Data & Reporting,Data Export,Internal Staff,Low,Closed,3.07,22.5,16,120,1,1,0,410.9,196.54,214.36,4.17
REQ-10470,2026-02-22,2026-02-16,Referral,Systems Operations,Automation Request,Student,Normal,Closed,5.17,8.75,8,72,1,1,0,1635.13,789.03,846.1,4.3
REQ-10510,2026-02-22,2026-02-16,Email,Client Success,Service Follow-Up,Small Business,Normal,In Progress,12.7,0.0,8,72,0,1,0,312.56,90.54,222.02,4.04
REQ-10008,2026-02-23,2026-02-23,Web Form,IT Support,Account Setup,Small Business,Normal,Closed,2.6,7.58,8,72,1,1,0,338.95,118.63,220.32,4.32
REQ-10197,2026-02-23,2026-02-23,Web Form,Client Success,Service Follow-Up,Small Business,High,In Progress,1.13,0.0,4,36,1,1,0,264.9,125.8,139.1,4.33
REQ-10226,2026-02-23,2026-02-23,Email,Systems Operations,Automation Request,Vendor,Normal,Open,1.5,0.0,8,72,1,1,0,1171.8,424.91,746.89,3.8
REQ-10299,2026-02-23,2026-02-23,Web Form,Systems Operations,Intake Form Issue,Parent,Normal,Closed,3.05,24.11,8,72,1,1,0,310.65,108.87,201.78,4.33
REQ-10409,2026-02-23,2026-02-23,Referral,Scheduling,Appointment Change,Internal Staff,Normal,Closed,3.03,7.58,8,72,1,1,0,150.0,73.02,76.98,4.6
REQ-10463,2026-02-23,2026-02-23,Email,Admin Operations,Vendor Record Update,Small Business,Normal,Closed,5.16,27.69,8,72,1,1,0,226.41,106.13,120.28,4.3
REQ-10582,2026-02-23,2026-02-23,Web Form,Data & Reporting,Data Export,Small Business,Normal,In Progress,3.05,0.0,8,72,1,1,0,583.92,161.11,422.81,4.13
REQ-10611,2026-02-23,2026-02-23,Walk-In,Admin Operations,Vendor Record Update,Small Business,Normal,Closed,2.09,10.73,8,72,1,1,0,168.4,52.19,116.21,4.48
REQ-10057,2026-02-24,2026-02-23,Email,Systems Operations,Automation Request,Parent,Low,Open,3.7,0.0,16,120,1,1,0,1635.64,572.47,1063.17,4.17
REQ-10180,2026-02-24,2026-02-23,Web Form,Client Success,Service Follow-Up,Vendor,High,Closed,3.53,20.21,4,36,1,1,0,260,99.46,160.54,4.13
REQ-10255,2026-02-24,2026-02-23,Web Form,Scheduling,General Request,Small Business,Normal,Closed,3.49,8.75,8,72,1,1,0,250,80.8,169.2,4.53
REQ-10289,2026-02-24,2026-02-23,Walk-In,Client Success,Service Follow-Up,Student,Normal,In Progress,7.4,0.0,8,72,1,1,0,372.1,151.27,220.83,4.17
REQ-10313,2026-02-24,2026-02-23,Email,Data & Reporting,Dashboard Request,Vendor,Normal,Closed,6.8,27.42,8,72,1,1,0,850,282.4,567.6,4.07
REQ-10408,2026-02-24,2026-02-23,Email,Client Success,Service Follow-Up,Parent,Urgent,Closed,0.59,5.52,2,24,1,1,0,260,87.54,172.46,4.57
REQ-10431,2026-02-24,2026-02-23,Web Form,Admin Operations,Vendor Record Update,Student,Normal,Closed,2.0,4.79,8,72,1,1,0,252.75,61.8,190.95,4.48
REQ-10149,2026-02-25,2026-02-23,Unknown,Data & Reporting,Dashboard Request,Vendor,Normal,In Progress,2.42,0.0,8,72,1,1,0,1218.67,307.26,911.41,4.4
REQ-10151,2026-02-25,2026-02-23,Email,Data & Reporting,Data Export,Student,Normal,In Progress,11.47,0.0,8,72,0,1,0,358.92,178.49,180.43,3.74
REQ-10162,2026-02-25,2026-02-23,Phone,Scheduling,Appointment Change,Vendor,Normal,Closed,2.96,4.06,8,72,1,1,0,219.78,112.5,107.28,3.8
REQ-10194,2026-02-25,2026-02-23,Referral,Client Success,Service Follow-Up,Student,Low,Closed,2.85,9.13,16,120,1,1,1,306.74,138.33,168.41,4.21
REQ-10269,2026-02-25,2026-02-23,Unknown,Systems Operations,Automation Request,Parent,Low,Closed,3.45,15.23,16,120,1,1,0,1545.58,720.03,825.55,4.25
REQ-10393,2026-02-25,2026-02-23,Phone,Client Success,Service Follow-Up,Vendor,Normal,Closed,3.05,3.52,8,72,1,1,1,205.86,89.49,116.37,3.8
REQ-10518,2026-02-25,2026-02-23,Phone,Admin Operations,Vendor Record Update,Small Business,Low,Closed,5.14,12.74,16,120,1,1,0,134.66,30.63,104.03,4.45
REQ-10628,2026-02-25,2026-02-23,Phone,Client Success,Service Follow-Up,Parent,Urgent,Closed,1.14,5.75,2,24,1,1,1,334.64,241.5,93.14,4.36
REQ-10067,2026-02-26,2026-02-23,Walk-In,Billing,Billing Question,Parent,Normal,Closed,3.05,26.23,8,72,1,1,0,192.26,94.08,98.18,4.5
REQ-10385,2026-02-26,2026-02-23,Web Form,Admin Operations,Vendor Record Update,Small Business,Normal,Closed,5.22,11.73,8,72,1,1,0,224.12,78.44,145.68,4.29
REQ-10412,2026-02-26,2026-02-23,Walk-In,Data & Reporting,Dashboard Request,Small Business,Urgent,In Progress,1.18,0.0,2,24,1,1,0,1110.51,603.6,506.91,3.8
REQ-10007,2026-02-27,2026-02-23,Web Form,Scheduling,Appointment Change,Small Business,High,Closed,1.14,11.68,4,36,1,1,0,147.94,55.57,92.37,4.45
REQ-10088,2026-02-27,2026-02-23,Email,Billing,Invoice Correction,Parent,Normal,Closed,4.01,15.46,8,72,1,1,0,280,114.39,165.61,4.23
REQ-10216,2026-02-27,2026-02-23,Email,Data & Reporting,Data Export,Parent,Low,Open,4.2,0.0,16,120,1,1,0,586.84,291.17,295.67,4.4
REQ-10232,2026-02-27,2026-02-23,Email,Data & Reporting,Data Export,Vendor,Low,In Progress,4.63,0.0,16,120,1,1,0,480,202.06,277.94,4.26
REQ-10281,2026-02-27,2026-02-23,Email,Systems Operations,Automation Request,Parent,Normal,Closed,2.7,20.58,8,72,1,1,0,1734.67,913.61,821.06,4.21
REQ-10350,2026-02-27,2026-02-23,Phone,Client Success,Service Follow-Up,Internal Staff,Normal,Closed,2.99,19.96,8,72,1,1,0,229.68,71.7,157.98,4.37
REQ-10382,2026-02-27,2026-02-23,Web Form,Billing,Invoice Correction,Small Business,Normal,Open,7.75,0.0,8,72,1,1,1,301.35,105.47,195.88,3.6
REQ-10402,2026-02-27,2026-02-23,Phone,Billing,Invoice Correction,Internal Staff,Normal,Open,3.2,0.0,8,72,1,1,0,286.1,134.04,152.06,3.8
REQ-10475,2026-02-27,2026-02-23,Email,Billing,Invoice Correction,Small Business,Normal,Closed,2.3,13.27,8,72,1,1,0,358.49,91.82,266.67,4.5
REQ-10511,2026-02-27,2026-02-23,Web Form,Systems Operations,Intake Form Issue,Student,Low,Closed,4.05,32.84,16,120,1,1,1,480.65,295.24,185.41,3.7
REQ-10522,2026-02-27,2026-02-23,Walk-In,Admin Operations,Vendor Record Update,Small Business,Normal,Closed,2.49,10.7,8,72,1,1,0,162.21,43.7,118.51,4.52
REQ-10564,2026-02-27,2026-02-23,Phone,Data & Reporting,Data Export,Vendor,High,Closed,0.61,19.08,4,36,1,1,0,387.29,146.19,241.1,4.34
REQ-10109,2026-02-28,2026-02-23,Web Form,Data & Reporting,Data Export,Parent,High,Open,6.62,0.0,4,36,0,1,0,523.77,183.32,340.45,4.26
REQ-10134,2026-02-28,2026-02-23,Walk-In,Data & Reporting,Data Export,Student,Low,Closed,2.32,9.84,16,120,1,1,0,592.1,198.09,394.01,4.41
REQ-10188,2026-02-28,2026-02-23,Walk-In,Scheduling,Appointment Change,Student,Normal,Closed,3.55,14.21,8,72,1,1,0,123.61,34.52,89.09,4.27
REQ-10477,2026-02-28,2026-02-23,Email,Data & Reporting,Data Export,Small Business,Low,Closed,3.39,17.01,16,120,1,1,0,472.3,202.26,270.04,4.4
REQ-10544,2026-02-28,2026-02-23,Email,Scheduling,Appointment Change,Small Business,Normal,Closed,3.51,16.47,8,72,1,1,0,183.74,46.24,137.5,4.18
REQ-10639,2026-02-28,2026-02-23,Walk-In,Scheduling,Appointment Change,Vendor,Low,Open,3.65,0.0,16,120,1,1,0,202.31,110.59,91.72,4.15
REQ-10097,2026-03-01,2026-02-23,Email,Systems Operations,Intake Form Issue,Unknown,Normal,In Progress,1.95,0.0,8,72,1,1,0,387.01,116.21,270.8,3.8
REQ-10251,2026-03-01,2026-02-23,Referral,Data & Reporting,Dashboard Request,Unknown,Normal,Closed,1.24,14.69,8,72,1,1,1,791.11,276.89,514.22,3.8
REQ-10370,2026-03-01,2026-02-23,Web Form,Billing,Billing Question,Small Business,Normal,Closed,1.6,17.68,8,72,1,1,0,187.53,45.7,141.83,4.59
REQ-10481,2026-03-01,2026-02-23,Email,Client Success,Service Follow-Up,Small Business,Normal,Closed,1.46,25.86,8,72,1,1,0,262.66,131.08,131.58,4.51
REQ-10537,2026-03-01,2026-02-23,Phone,IT Support,Account Setup,Vendor,Normal,Open,1.59,0.0,8,72,1,1,0,238.3,59.23,179.07,4.2
REQ-10586,2026-03-01,2026-02-23,Phone,IT Support,Account Setup,Vendor,Normal,Closed,3.2,8.47,8,72,1,1,1,440.33,215.63,224.7,4.3
REQ-10198,2026-03-02,2026-03-02,Walk-In,Billing,Billing Question,Parent,High,Open,1.24,0.0,4,36,1,1,0,152.44,78.09,74.35,4.28
REQ-10249,2026-03-02,2026-03-02,Walk-In,Billing,Billing Question,Internal Staff,High,Closed,0.95,3.2,4,36,1,1,0,153.99,54.78,99.21,4.62
REQ-10301,2026-03-02,2026-03-02,Phone,Systems Operations,Intake Form Issue,Parent,Normal,In Progress,4.53,0.0,8,72,1,1,0,494.06,191.31,302.75,4.31
REQ-10369,2026-03-02,2026-03-02,Email,Billing,Billing Question,Internal Staff,Normal,In Progress,2.78,0.0,8,72,1,1,0,208.76,87.99,120.77,4.3
REQ-10010,2026-03-03,2026-03-02,Email,Systems Operations,Automation Request,Student,Normal,Closed,2.9,34.78,8,72,1,1,0,1074.64,239.87,834.77,4.04
REQ-10012,2026-03-03,2026-03-02,Email,Billing,Invoice Correction,Student,Normal,Closed,4.16,16.19,8,72,1,1,0,329.54,130.2,199.34,4.45
REQ-10018,2026-03-03,2026-03-02,Email,Admin Operations,Vendor Record Update,Parent,Normal,Open,5.73,0.0,8,72,1,1,1,205.93,70.01,135.92,3.95
REQ-10204,2026-03-03,2026-03-02,Email,Scheduling,Appointment Change,Parent,Low,In Progress,5.95,0.0,16,120,1,1,0,195.38,57.85,137.53,4.17
REQ-10205,2026-03-03,2026-03-02,Web Form,Data & Reporting,Dashboard Request,Student,Normal,Closed,4.15,7.4,8,72,1,1,0,1231.07,539.66,691.41,4.45
REQ-10283,2026-03-03,2026-03-02,Referral,Client Success,Service Follow-Up,Internal Staff,High,Closed,3.55,4.72,4,36,1,1,0,319.92,121.21,198.71,4.68
REQ-10381,2026-03-03,2026-03-02,Web Form,Systems Operations,Intake Form Issue,Parent,High,Closed,0.95,9.22,4,36,1,1,0,364.99,127.75,237.24,4.39
REQ-10458,2026-03-03,2026-03-02,Web Form,Data & Reporting,Data Export,Small Business,Urgent,In Progress,2.1,0.0,2,24,0,1,0,360.43,106.92,253.51,4.42
REQ-10486,2026-03-03,2026-03-02,Phone,Scheduling,Appointment Change,Vendor,Normal,In Progress,3.05,0.0,8,72,1,1,0,116.23,26.57,89.66,4.42
REQ-10014,2026-03-04,2026-03-02,Referral,Data & Reporting,Dashboard Request,Small Business,Normal,Closed,1.77,7.37,8,72,1,1,0,1029.69,554.02,475.67,4.47
REQ-10046,2026-03-04,2026-03-02,Referral,Scheduling,General Request,Small Business,High,Closed,2.76,64.46,4,36,1,0,1,131.42,44.32,87.1,4.34
REQ-10112,2026-03-04,2026-03-02,Email,Billing,Invoice Correction,Vendor,Normal,Closed,1.24,23.21,8,72,1,1,0,364.8,93.91,270.89,4.28
REQ-10291,2026-03-04,2026-03-02,Email,Billing,General Request,Vendor,High,Closed,2.5,6.87,4,36,1,1,1,212.95,60.71,152.24,4.28
REQ-10295,2026-03-04,2026-03-02,Web Form,Systems Operations,Automation Request,Vendor,Normal,Closed,3.05,13.52,8,72,1,1,1,1000.02,680.4,319.62,4.05
REQ-10328,2026-03-04,2026-03-02,Web Form,Client Success,Service Follow-Up,Internal Staff,Low,Closed,4.2,40.12,16,120,1,1,0,260,76.79,183.21,3.8
REQ-10359,2026-03-04,2026-03-02,Web Form,Systems Operations,Intake Form Issue,Parent,Normal,Closed,4.2,24.87,8,72,1,1,0,471.87,123.18,348.69,4.06
REQ-10523,2026-03-04,2026-03-02,Web Form,Systems Operations,Intake Form Issue,Parent,Urgent,Closed,0.4,11.69,2,24,1,1,0,426.87,195.17,231.7,4.63
REQ-10021,2026-03-05,2026-03-02,Web Form,IT Support,Account Setup,Parent,Normal,Closed,1.28,10.93,8,72,1,1,0,315.56,153.88,161.68,4.4
REQ-10084,2026-03-05,2026-03-02,Phone,Data & Reporting,Dashboard Request,Parent,Normal,Open,2.17,0.0,8,72,1,1,0,1009.9,405.27,604.63,4.16
REQ-10184,2026-03-05,2026-03-02,Web Form,Client Success,Service Follow-Up,Unknown,Low,Closed,3.12,9.0,16,120,1,1,1,265.53,134.46,131.07,4.22
REQ-10296,2026-03-05,2026-03-02,Email,Client Success,Service Follow-Up,Student,Low,Open,5.7,0.0,16,120,1,1,1,238.11,181.2,56.91,3.68
REQ-10488,2026-03-05,2026-03-02,Email,Billing,Billing Question,Vendor,Normal,Open,3.05,0.0,8,72,1,1,0,302.6,159.47,143.13,4.16
REQ-10633,2026-03-05,2026-03-02,Email,Admin Operations,Vendor Record Update,Student,Normal,Open,1.97,0.0,8,72,1,1,1,258.05,155.13,102.92,3.95
REQ-10068,2026-03-06,2026-03-02,Phone,Systems Operations,Intake Form Issue,Parent,Low,Closed,2.5,6.4,16,120,1,1,0,509.76,200.13,309.63,4.5
REQ-10213,2026-03-06,2026-03-02,Email,Systems Operations,Automation Request,Parent,High,Open,2.9,0.0,4,36,1,1,0,1720.42,417.45,1302.97,4.26
REQ-10330,2026-03-06,2026-03-02,Email,Billing,Invoice Correction,Internal Staff,Normal,Closed,7.47,13.05,8,72,1,1,0,359.59,174.54,185.05,4.13
REQ-10365,2026-03-06,2026-03-02,Phone,Data & Reporting,Dashboard Request,Unknown,Normal,In Progress,3.05,0.0,8,72,1,1,0,955.29,334.35,620.94,4.39
REQ-10472,2026-03-06,2026-03-02,Phone,Data & Reporting,Dashboard Request,Parent,Normal,Closed,1.38,7.35,8,72,1,1,0,743.75,260.31,483.44,4.47
REQ-10556,2026-03-06,2026-03-02,Web Form,Billing,Invoice Correction,Small Business,Normal,Closed,1.23,8.54,8,72,1,1,0,310.87,157.88,152.99,4.71
REQ-10624,2026-03-06,2026-03-02,Web Form,Billing,Billing Question,Student,Normal,Closed,3.05,12.18,8,72,1,1,0,238.78,116.97,121.81,4.4
REQ-10132,2026-03-07,2026-03-02,Email,Scheduling,Appointment Change,Small Business,Normal,Closed,2.37,5.0,8,72,1,1,0,125.21,38.08,87.13,4.4
REQ-10262,2026-03-07,2026-03-02,Web Form,Billing,Billing Question,Parent,Normal,Closed,3.05,14.14,8,72,1,1,0,196.13,59.56,136.57,4.28
REQ-10384,2026-03-07,2026-03-02,Email,Client Success,Service Follow-Up,Small Business,Normal,Closed,8.51,9.89,8,72,0,1,0,330.16,140.59,189.57,4.21
REQ-10027,2026-03-08,2026-03-02,Web Form,Data & Reporting,Data Export,Parent,High,Closed,1.43,6.14,4,36,1,1,0,510.92,238.05,272.87,4.47
REQ-10031,2026-03-08,2026-03-02,Phone,Data & Reporting,Data Export,Internal Staff,Low,Open,4.2,0.0,16,120,1,1,0,415.13,205.73,209.4,4.14
REQ-10319,2026-03-08,2026-03-02,Phone,Data & Reporting,General Request,Small Business,Normal,In Progress,1.16,0.0,8,72,1,1,0,628.78,307.92,320.86,3.8
REQ-10324,2026-03-08,2026-03-02,Web Form,Admin Operations,Vendor Record Update,Student,Normal,Closed,2.57,25.69,8,72,1,1,0,171.65,62.05,109.6,4.47
REQ-10521,2026-03-08,2026-03-02,Phone,Admin Operations,Vendor Record Update,Student,Normal,Closed,1.89,3.86,8,72,1,1,0,163.47,57.29,106.18,4.55
REQ-10536,2026-03-08,2026-03-02,Email,IT Support,Account Setup,Small Business,Normal,Closed,2.68,10.63,8,72,1,1,0,435.59,153.49,282.1,4.56
REQ-10566,2026-03-08,2026-03-02,Email,Client Success,Service Follow-Up,Small Business,Urgent,Closed,0.59,2.26,2,24,1,1,0,293.16,135.58,157.58,4.68
REQ-10066,2026-03-09,2026-03-09,Web Form,Billing,Billing Question,Parent,High,Open,5.62,0.0,4,36,0,1,0,201.0,48.98,152.02,3.95
REQ-10070,2026-03-09,2026-03-09,Web Form,Scheduling,Appointment Change,Internal Staff,High,In Progress,1.54,0.0,4,36,1,1,0,154.24,73.0,81.24,4.11
REQ-10218,2026-03-09,2026-03-09,Phone,Data & Reporting,Dashboard Request,Parent,High,Closed,1.36,6.42,4,36,1,1,0,1037.36,281.4,755.96,4.5
REQ-10219,2026-03-09,2026-03-09,Referral,Billing,Billing Question,Vendor,High,Closed,1.94,18.95,4,36,1,1,0,195.18,96.65,98.53,4.27
REQ-10231,2026-03-09,2026-03-09,Email,Data & Reporting,Dashboard Request,Parent,Low,Open,8.86,0.0,16,120,1,1,0,1108.96,293.33,815.63,4.03
REQ-10344,2026-03-09,2026-03-09,Phone,Data & Reporting,Data Export,Vendor,Normal,Open,3.6,0.0,8,72,1,1,0,650.2,292.78,357.42,4.16
REQ-10491,2026-03-09,2026-03-09,Email,Systems Operations,Intake Form Issue,Vendor,Normal,Open,2.24,0.0,8,72,1,1,0,290.26,82.95,207.31,4.3
REQ-10501,2026-03-09,2026-03-09,Phone,Billing,Billing Question,Vendor,Low,Closed,1.91,9.13,16,120,1,1,0,161.02,83.48,77.54,4.37
REQ-10535,2026-03-09,2026-03-09,Phone,Billing,Billing Question,Parent,High,Closed,1.96,9.92,4,36,1,1,0,180.54,80.1,100.44,4.57
REQ-10034,2026-03-10,2026-03-09,Web Form,Billing,Billing Question,Student,Urgent,Closed,0.95,6.47,2,24,1,1,0,247.21,101.07,146.14,4.72
REQ-10144,2026-03-10,2026-03-09,Email,Billing,Invoice Correction,Internal Staff,Normal,Closed,6.35,14.3,8,72,1,1,0,344.36,139.9,204.46,4.25
REQ-10287,2026-03-10,2026-03-09,Web Form,Client Success,Service Follow-Up,Small Business,High,Open,1.79,0.0,4,36,1,1,0,238.36,111.0,127.36,4.1
REQ-10342,2026-03-10,2026-03-09,Web Form,Systems Operations,Intake Form Issue,Parent,Normal,Closed,3.07,19.91,8,72,1,1,0,317.74,75.85,241.89,4.49
REQ-10372,2026-03-10,2026-03-09,Phone,Billing,Billing Question,Vendor,Normal,Closed,3.04,22.57,8,72,1,1,0,176.5,85.18,91.32,4.26
REQ-10414,2026-03-10,2026-03-09,Email,Client Success,Service Follow-Up,Internal Staff,Urgent,Closed,1.4,2.2,2,24,1,1,0,234.11,80.2,153.91,4.6
REQ-10575,2026-03-10,2026-03-09,Walk-In,Client Success,Service Follow-Up,Student,High,Closed,2.73,9.6,4,36,1,1,0,347.24,164.48,182.76,4.6
REQ-10583,2026-03-10,2026-03-09,Phone,Billing,Billing Question,Student,Normal,In Progress,3.05,0.0,8,72,1,1,0,231.61,117.49,114.12,4.14
REQ-10040,2026-03-11,2026-03-09,Email,Systems Operations,Intake Form Issue,Small Business,Normal,In Progress,4.67,0.0,8,72,1,1,1,382.59,255.57,127.02,3.71
REQ-10246,2026-03-11,2026-03-09,Web Form,Data & Reporting,Dashboard Request,Small Business,Normal,In Progress,1.33,0.0,8,72,1,1,0,1219.25,427.08,792.17,4.24
REQ-10421,2026-03-11,2026-03-09,Email,Billing,Billing Question,Parent,Normal,Open,7.75,0.0,8,72,1,1,0,192.54,48.41,144.13,4.19
REQ-10439,2026-03-11,2026-03-09,Web Form,Client Success,Service Follow-Up,Small Business,Normal,Closed,3.8,13.95,8,72,1,1,0,214.15,110.22,103.93,3.8
REQ-10451,2026-03-11,2026-03-09,Web Form,Admin Operations,Vendor Record Update,Internal Staff,Normal,Closed,2.86,12.13,8,72,1,1,0,251.37,130.73,120.64,4.43
REQ-10553,2026-03-11,2026-03-09,Phone,Data & Reporting,Data Export,Vendor,Low,Closed,3.68,26.16,16,120,1,1,0,595.55,287.3,308.25,4.43
REQ-10146,2026-03-12,2026-03-09,Phone,Scheduling,General Request,Internal Staff,High,In Progress,1.77,0.0,4,36,1,1,0,136.2,44.88,91.32,4.24
REQ-10157,2026-03-12,2026-03-09,Referral,Admin Operations,Vendor Record Update,Student,Normal,Open,4.21,0.0,8,72,1,1,0,214.74,110.66,104.08,4.11
REQ-10171,2026-03-12,2026-03-09,Email,Data & Reporting,Dashboard Request,Parent,Normal,In Progress,3.17,0.0,8,72,1,1,0,900.53,455.77,444.76,4.16
REQ-10228,2026-03-12,2026-03-09,Web Form,IT Support,Account Setup,Vendor,High,In Progress,2.18,0.0,4,36,1,1,0,268.32,94.65,173.67,4.3
REQ-10455,2026-03-12,2026-03-09,Walk-In,Data & Reporting,Dashboard Request,Internal Staff,Low,Closed,1.14,19.25,16,120,1,1,0,1074.27,275.92,798.35,4.51
REQ-10623,2026-03-12,2026-03-09,Email,Data & Reporting,Data Export,Parent,Normal,Closed,2.61,10.87,8,72,1,1,0,598.06,184.08,413.98,4.46
REQ-10019,2026-03-13,2026-03-09,Email,Client Success,Service Follow-Up,Vendor,Normal,Closed,1.41,8.27,8,72,1,1,0,219.99,119.14,100.85,4.6
REQ-10158,2026-03-13,2026-03-09,Phone,Scheduling,Appointment Change,Vendor,High,In Progress,1.94,0.0,4,36,1,1,0,151.45,72.29,79.16,4.38
REQ-10257,2026-03-13,2026-03-09,Web Form,Admin Operations,Vendor Record Update,Student,High,Closed,0.56,17.89,4,36,1,1,0,184.7,55.45,129.25,4.27
REQ-10604,2026-03-13,2026-03-09,Email,Admin Operations,Vendor Record Update,Parent,Normal,Closed,3.05,42.62,8,72,1,1,0,180,47.63,132.37,4.05
REQ-10095,2026-03-14,2026-03-09,Walk-In,IT Support,Account Setup,Student,High,Closed,1.94,12.0,4,36,1,1,0,355.95,179.62,176.33,4.61
REQ-10130,2026-03-14,2026-03-09,Email,Systems Operations,Automation Request,Vendor,High,Open,2.1,0.0,4,36,1,1,0,1525.07,601.78,923.29,4.3
REQ-10138,2026-03-14,2026-03-09,Email,IT Support,General Request,Internal Staff,Normal,Closed,4.27,115.93,8,72,1,0,0,453.47,158.71,294.76,4.01
REQ-10156,2026-03-14,2026-03-09,Referral,Data & Reporting,Dashboard Request,Parent,Normal,Open,10.6,0.0,8,72,0,1,0,1009.08,537.61,471.47,4.07
REQ-10242,2026-03-14,2026-03-09,Phone,Systems Operations,Intake Form Issue,Parent,Low,Open,2.73,0.0,16,120,1,1,0,419.13,146.7,272.43,4.21
REQ-10311,2026-03-14,2026-03-09,Email,Billing,Billing Question,Parent,Normal,Closed,14.49,15.29,8,72,0,1,0,166.17,86.89,79.28,4.02
REQ-10366,2026-03-14,2026-03-09,Unknown,Scheduling,Appointment Change,Student,Low,Closed,2.05,8.84,16,120,1,1,0,175.47,40.72,134.75,4.5
REQ-10483,2026-03-14,2026-03-09,Email,Client Success,Service Follow-Up,Small Business,High,Closed,5.84,6.64,4,36,0,1,0,273.09,95.58,177.51,4.28
REQ-10485,2026-03-14,2026-03-09,Referral,Client Success,Service Follow-Up,Student,Normal,Closed,5.17,34.37,8,72,1,1,0,365.35,127.87,237.48,4.29
REQ-10515,2026-03-14,2026-03-09,Email,IT Support,Account Setup,Student,Low,In Progress,5.24,0.0,16,120,1,1,0,430.68,111.5,319.18,4.2
REQ-10601,2026-03-14,2026-03-09,Email,Client Success,Service Follow-Up,Vendor,Normal,Open,1.66,0.0,8,72,1,1,0,225.35,78.87,146.48,4.38
REQ-10001,2026-03-15,2026-03-09,Web Form,Data & Reporting,Data Export,Student,Low,Closed,4.6,14.94,16,120,1,1,1,480,220.82,259.18,3.94
REQ-10092,2026-03-15,2026-03-09,Email,Admin Operations,Vendor Record Update,Internal Staff,Normal,Closed,3.05,8.75,8,72,1,1,0,242.67,118.67,124.0,4.28
REQ-10225,2026-03-15,2026-03-09,Phone,Data & Reporting,Dashboard Request,Parent,Normal,Closed,1.57,5.08,8,72,1,1,0,832.69,234.64,598.05,4.4
REQ-10277,2026-03-15,2026-03-09,Phone,Data & Reporting,Data Export,Vendor,High,Closed,1.01,6.43,4,36,1,1,0,630.65,234.04,396.61,4.5
REQ-10386,2026-03-15,2026-03-09,Web Form,Systems Operations,Intake Form Issue,Vendor,Low,Closed,6.9,24.99,16,120,1,1,0,339.74,132.86,206.88,4.28
REQ-10593,2026-03-15,2026-03-09,Email,Admin Operations,Vendor Record Update,Internal Staff,Normal,Closed,7.8,52.72,8,72,1,1,0,192.65,67.43,125.22,3.87
REQ-10599,2026-03-15,2026-03-09,Email,Billing,Invoice Correction,Internal Staff,Low,Closed,3.15,16.23,16,120,1,1,0,266.96,61.3,205.66,4.57
REQ-10029,2026-03-16,2026-03-16,Email,Data & Reporting,Dashboard Request,Internal Staff,Urgent,Closed,0.53,4.5,2,24,1,1,1,1177.62,697.95,479.67,4.21
REQ-10096,2026-03-16,2026-03-16,Walk-In,Systems Operations,Intake Form Issue,Vendor,Low,Closed,1.89,36.41,16,120,1,1,1,471.83,184.09,287.74,3.98
REQ-10122,2026-03-16,2026-03-16,Email,Data & Reporting,Dashboard Request,Vendor,Normal,Closed,1.92,10.37,8,72,1,1,0,850,509.46,340.54,4.39
REQ-10327,2026-03-16,2026-03-16,Web Form,Billing,Invoice Correction,Small Business,Normal,Closed,2.64,8.75,8,72,1,1,0,205.8,88.21,117.59,4.55
REQ-10346,2026-03-16,2026-03-16,Web Form,Data & Reporting,Data Export,Small Business,Normal,Closed,3.28,55.41,8,72,1,1,0,624.39,218.54,405.85,3.96
REQ-10554,2026-03-16,2026-03-16,Phone,Billing,Billing Question,Vendor,Normal,Closed,3.17,8.75,8,72,1,1,0,286.78,90.79,195.99,4.45
REQ-10610,2026-03-16,2026-03-16,Phone,Billing,Billing Question,Student,Normal,Closed,1.84,37.9,8,72,1,1,0,174.57,61.1,113.47,4.3
REQ-10166,2026-03-17,2026-03-16,Web Form,Client Success,Service Follow-Up,Vendor,Normal,Closed,2.45,9.97,8,72,1,1,0,372.16,146.49,225.67,4.43
REQ-10264,2026-03-17,2026-03-16,Walk-In,Scheduling,Appointment Change,Vendor,High,Closed,1.41,6.92,4,36,1,1,1,200.59,74.46,126.13,4.03
REQ-10430,2026-03-17,2026-03-16,Walk-In,Data & Reporting,Dashboard Request,Parent,Normal,Closed,3.05,19.93,8,72,1,1,0,1221.5,629.65,591.85,4.27
REQ-10443,2026-03-17,2026-03-16,Email,Data & Reporting,Dashboard Request,Internal Staff,Low,Open,12.3,0.0,16,120,1,1,0,942.03,414.01,528.02,4.04
REQ-10048,2026-03-18,2026-03-16,Web Form,Billing,Billing Question,Vendor,Normal,Closed,3.04,9.38,8,72,1,1,0,255.75,123.39,132.36,4.3
REQ-10581,2026-03-18,2026-03-16,Phone,Client Success,Service Follow-Up,Parent,Normal,Closed,1.61,11.24,8,72,1,1,0,230.82,83.06,147.76,4.45
REQ-10016,2026-03-19,2026-03-16,Phone,Client Success,Service Follow-Up,Vendor,High,Closed,1.94,3.63,4,36,1,1,0,260,71.78,188.22,4.64
REQ-10233,2026-03-19,2026-03-16,Email,Admin Operations,Vendor Record Update,Student,High,Open,2.9,0.0,4,36,1,1,0,139.81,75.34,64.47,4.28
REQ-10273,2026-03-19,2026-03-16,Email,Data & Reporting,Data Export,Vendor,Normal,Closed,3.79,12.37,8,72,1,1,1,457.68,187.94,269.74,4.12
REQ-10303,2026-03-19,2026-03-16,Referral,Admin Operations,Vendor Record Update,Parent,High,Open,1.28,0.0,4,36,1,1,0,248.16,99.74,148.42,4.13
REQ-10373,2026-03-19,2026-03-16,Referral,Client Success,Service Follow-Up,Parent,Normal,In Progress,5.08,0.0,8,72,1,1,0,260,131.54,128.46,4.14
REQ-10445,2026-03-19,2026-03-16,Walk-In,Billing,Billing Question,Student,High,In Progress,1.3,0.0,4,36,1,1,0,210,76.78,133.22,4.15
REQ-10620,2026-03-19,2026-03-16,Email,Data & Reporting,Data Export,Student,Normal,Closed,6.37,7.17,8,72,1,1,0,508.3,132.46,375.84,4.43
REQ-10009,2026-03-20,2026-03-16,Web Form,Scheduling,Appointment Change,Internal Staff,Low,Closed,4.2,11.93,16,120,1,1,0,231.27,52.09,179.18,4.26
REQ-10087,2026-03-20,2026-03-16,Referral,Client Success,Service Follow-Up,Parent,Normal,Closed,2.0,16.68,8,72,1,1,0,243.63,125.42,118.21,4.27
REQ-10108,2026-03-20,2026-03-16,Web Form,Client Success,Service Follow-Up,Small Business,High,Closed,1.8,4.16,4,36,1,1,0,330.82,155.55,175.27,4.74
REQ-10182,2026-03-20,2026-03-16,Web Form,Billing,Invoice Correction,Vendor,Low,Closed,5.8,21.13,16,120,1,1,0,393.02,102.92,290.1,3.8
REQ-10189,2026-03-20,2026-03-16,Email,Client Success,General Request,Vendor,Normal,Closed,3.05,15.3,8,72,1,1,1,361.14,224.5,136.64,4.08
REQ-10254,2026-03-20,2026-03-16,Phone,Systems Operations,Intake Form Issue,Parent,Urgent,Closed,1.14,9.17,2,24,1,1,0,390,183.4,206.6,3.8
REQ-10396,2026-03-20,2026-03-16,Phone,Admin Operations,Vendor Record Update,Internal Staff,Normal,Closed,4.47,31.58,8,72,1,1,0,168.15,55.41,112.74,4.16
REQ-10619,2026-03-20,2026-03-16,Web Form,IT Support,Account Setup,Student,Normal,Closed,3.05,13.07,8,72,1,1,0,249.79,96.97,152.82,4.28
REQ-10061,2026-03-21,2026-03-16,Web Form,Billing,Invoice Correction,Small Business,Normal,Closed,2.1,2.9,8,72,1,1,0,352.39,123.34,229.05,3.8
REQ-10263,2026-03-21,2026-03-16,Web Form,IT Support,Account Setup,Small Business,Normal,Open,0.98,0.0,8,72,1,1,0,432.09,105.6,326.49,4.16
REQ-10630,2026-03-21,2026-03-16,Phone,Systems Operations,Automation Request,Vendor,Normal,Closed,5.7,34.61,8,72,1,1,1,1373.71,559.94,813.77,3.8
REQ-10037,2026-03-22,2026-03-16,Email,IT Support,Account Setup,Small Business,Normal,In Progress,3.65,0.0,8,72,1,1,0,390.6,152.53,238.07,4.08
REQ-10121,2026-03-22,2026-03-16,Web Form,Billing,Invoice Correction,Student,Normal,In Progress,3.71,0.0,8,72,1,1,0,273.65,85.8,187.85,4.01
REQ-10297,2026-03-22,2026-03-16,Email,Data & Reporting,Data Export,Internal Staff,Normal,Closed,4.48,19.83,8,72,1,1,0,678.54,160.86,517.68,4.47
REQ-10307,2026-03-22,2026-03-16,Walk-In,Admin Operations,General Request,Vendor,Normal,Closed,2.22,136.1,8,72,1,0,0,170.45,59.15,111.3,4.34
REQ-10309,2026-03-22,2026-03-16,Walk-In,Client Success,Service Follow-Up,Parent,Normal,Open,3.09,0.0,8,72,1,1,0,219.52,105.59,113.93,4.05
REQ-10050,2026-03-23,2026-03-23,Referral,Client Success,Service Follow-Up,Small Business,Normal,Closed,3.05,8.75,8,72,1,1,0,243.09,83.42,159.67,4.54
REQ-10127,2026-03-23,2026-03-23,Referral,Systems Operations,Automation Request,Student,Normal,Closed,2.95,11.21,8,72,1,1,0,1411.73,496.72,915.01,4.42
REQ-10141,2026-03-23,2026-03-23,Web Form,Admin Operations,Vendor Record Update,Small Business,Normal,Open,1.68,0.0,8,72,1,1,1,154.14,67.76,86.38,3.8
REQ-10210,2026-03-23,2026-03-23,Walk-In,Data & Reporting,Data Export,Small Business,High,Open,0.65,0.0,4,36,1,1,0,622.14,281.66,340.48,4.57
REQ-10340,2026-03-23,2026-03-23,Email,Scheduling,Appointment Change,Parent,Low,Closed,4.2,11.93,16,120,1,1,0,212.61,52.39,160.22,4.36
REQ-10465,2026-03-23,2026-03-23,Email,Client Success,Service Follow-Up,Vendor,Normal,Closed,2.8,6.8,8,72,1,1,0,268.01,93.8,174.21,4.53
REQ-10597,2026-03-23,2026-03-23,Web Form,Systems Operations,Intake Form Issue,Parent,Normal,Open,3.07,0.0,8,72,1,1,0,297.47,83.68,213.79,4.28
REQ-10015,2026-03-24,2026-03-23,Web Form,Admin Operations,Vendor Record Update,Internal Staff,High,Closed,1.38,7.09,4,36,1,1,0,180,51.43,128.57,4.58
REQ-10123,2026-03-24,2026-03-23,Unknown,Billing,Invoice Correction,Student,Normal,In Progress,5.87,0.0,8,72,1,1,0,280,137.52,142.48,3.93
REQ-10322,2026-03-24,2026-03-23,Phone,Admin Operations,Vendor Record Update,Small Business,High,Open,0.5,0.0,4,36,1,1,0,223.3,121.0,102.3,4.66
REQ-10467,2026-03-24,2026-03-23,Referral,Billing,Invoice Correction,Small Business,Normal,Closed,3.05,19.59,8,72,1,1,0,280,157.55,122.45,4.18
REQ-10607,2026-03-24,2026-03-23,Email,Billing,Invoice Correction,Vendor,Normal,Closed,7.98,8.78,8,72,1,1,0,230.0,56.2,173.8,4.35
REQ-10047,2026-03-25,2026-03-23,Email,Admin Operations,Vendor Record Update,Parent,Normal,Closed,3.05,84.28,8,72,1,0,0,146.05,47.14,98.91,4.3
REQ-10083,2026-03-25,2026-03-23,Phone,Billing,Billing Question,Vendor,Low,Closed,5.17,15.09,16,120,1,1,1,302.78,215.31,87.47,4.04
REQ-10187,2026-03-25,2026-03-23,Phone,Data & Reporting,Data Export,Vendor,Normal,Closed,1.28,8.75,8,72,1,1,1,375.97,206.46,169.51,4.01
REQ-10241,2026-03-25,2026-03-23,Web Form,IT Support,Account Setup,Internal Staff,High,Open,2.09,0.0,4,36,1,1,0,341.0,97.26,243.74,4.21
REQ-10055,2026-03-26,2026-03-23,Phone,Scheduling,Appointment Change,Internal Staff,High,Closed,2.2,13.53,4,36,1,1,0,164.24,86.84,77.4,4.48
REQ-10078,2026-03-26,2026-03-23,Web Form,Client Success,Service Follow-Up,Parent,Normal,Closed,3.05,4.5,8,72,1,1,1,352.75,112.12,240.63,4.06
REQ-10376,2026-03-26,2026-03-23,Unknown,Scheduling,Appointment Change,Student,Normal,Closed,7.62,13.63,8,72,1,1,0,214.52,75.51,139.01,4.07
REQ-10524,2026-03-26,2026-03-23,Email,IT Support,Account Setup,Vendor,Low,Closed,5.39,12.46,16,120,1,1,0,363.95,194.5,169.45,4.54
REQ-10540,2026-03-26,2026-03-23,Email,IT Support,Account Setup,Internal Staff,Normal,Open,11.05,0.0,8,72,0,1,0,331.31,161.35,169.96,4.29
REQ-10590,2026-03-26,2026-03-23,Phone,Data & Reporting,Data Export,Internal Staff,High,Closed,1.52,9.37,4,36,1,1,0,421.89,112.58,309.31,4.5
REQ-10074,2026-03-27,2026-03-23,Referral,Scheduling,Appointment Change,Parent,Normal,Closed,3.08,20.58,8,72,1,1,0,160,56.53,103.47,4.27
REQ-10190,2026-03-27,2026-03-23,Web Form,Billing,Invoice Correction,Parent,Normal,In Progress,2.4,0.0,8,72,1,1,0,340.84,118.85,221.99,4.08
REQ-10360,2026-03-27,2026-03-23,Email,Billing,Billing Question,Internal Staff,Normal,In Progress,3.38,0.0,8,72,1,1,0,210.88,97.73,113.15,3.8
REQ-10490,2026-03-27,2026-03-23,Referral,Admin Operations,Vendor Record Update,Parent,Normal,In Progress,2.68,0.0,8,72,1,1,0,251.99,86.87,165.12,4.16
REQ-10528,2026-03-27,2026-03-23,Email,Scheduling,Appointment Change,Parent,Normal,Closed,1.48,22.3,8,72,1,1,0,213.32,78.14,135.18,4.25
REQ-10094,2026-03-28,2026-03-23,Walk-In,Data & Reporting,Dashboard Request,Internal Staff,Low,Closed,1.78,18.1,16,120,1,1,1,1133.67,531.19,602.48,4.1
REQ-10214,2026-03-28,2026-03-23,Phone,Client Success,Service Follow-Up,Small Business,Normal,Closed,1.59,5.72,8,72,1,1,0,316.43,133.91,182.52,4.52
REQ-10238,2026-03-28,2026-03-23,Web Form,Billing,Billing Question,Small Business,High,Closed,2.24,14.93,4,36,1,1,0,300.03,91.28,208.75,4.5
REQ-10278,2026-03-28,2026-03-23,Web Form,Systems Operations,Intake Form Issue,Vendor,Normal,Closed,4.28,13.88,8,72,1,1,0,467.32,219.52,247.8,4.2
REQ-10332,2026-03-28,2026-03-23,Web Form,Data & Reporting,Data Export,Small Business,Normal,Closed,6.3,18.6,8,72,1,1,0,443.32,97.68,345.64,4.15
REQ-10422,2026-03-28,2026-03-23,Phone,Data & Reporting,Data Export,Student,Normal,In Progress,3.88,0.0,8,72,1,1,1,373.7,237.56,136.14,3.78
REQ-10453,2026-03-28,2026-03-23,Phone,Data & Reporting,Dashboard Request,Vendor,Low,Closed,2.63,13.94,16,120,1,1,0,811.02,280.86,530.16,4.51
REQ-10573,2026-03-28,2026-03-23,Phone,Billing,Invoice Correction,Internal Staff,Normal,Open,1.47,0.0,8,72,1,1,0,329.48,82.98,246.5,4.42
REQ-10170,2026-03-29,2026-03-23,Email,IT Support,Account Setup,Parent,Normal,Closed,3.63,23.09,8,72,1,1,0,256.01,80.73,175.28,3.8
REQ-10193,2026-03-29,2026-03-23,Walk-In,Systems Operations,Automation Request,Small Business,Normal,Closed,2.1,20.61,8,72,1,1,0,1069.48,328.09,741.39,4.32
REQ-10268,2026-03-29,2026-03-23,Walk-In,Systems Operations,Automation Request,Small Business,Normal,Closed,9.27,33.62,8,72,0,1,0,1185.83,564.7,621.13,3.94
REQ-10334,2026-03-29,2026-03-23,Web Form,Client Success,Service Follow-Up,Vendor,Low,Closed,6.74,7.54,16,120,1,1,0,260,127.8,132.2,4.42
REQ-10345,2026-03-29,2026-03-23,Email,Scheduling,Appointment Change,Parent,Low,Closed,7.23,8.03,16,120,1,1,0,162.9,46.06,116.84,4.51
REQ-10379,2026-03-29,2026-03-23,Email,Billing,Billing Question,Vendor,Low,Closed,4.48,22.92,16,120,1,1,0,199.85,82.12,117.73,4.28
REQ-10417,2026-03-29,2026-03-23,Email,Scheduling,Appointment Change,Small Business,Low,In Progress,2.72,0.0,16,120,1,1,1,145.68,77.18,68.5,3.8
REQ-10447,2026-03-29,2026-03-23,Phone,Client Success,Service Follow-Up,Small Business,Normal,Open,1.97,0.0,8,72,1,1,0,309.54,108.34,201.2,4.26
REQ-10468,2026-03-29,2026-03-23,Email,Systems Operations,Intake Form Issue,Vendor,Normal,Open,2.9,0.0,8,72,1,1,1,560.67,293.9,266.77,3.81
REQ-10033,2026-03-30,2026-03-30,Phone,Client Success,Service Follow-Up,Student,Normal,Closed,3.05,8.75,8,72,1,1,0,281.82,67.08,214.74,4.5
REQ-10045,2026-03-30,2026-03-30,Email,Data & Reporting,General Request,Internal Staff,Normal,Closed,3.6,8.75,8,72,1,1,1,1063.72,628.62,435.1,3.9
REQ-10320,2026-03-30,2026-03-30,Email,Scheduling,Appointment Change,Parent,High,Closed,1.94,5.56,4,36,1,1,0,205.59,73.55,132.04,4.51
REQ-10323,2026-03-30,2026-03-30,Phone,Billing,Invoice Correction,Small Business,Normal,Closed,2.98,14.19,8,72,1,1,0,306.78,147.45,159.33,4.58
REQ-10423,2026-03-30,2026-03-30,Email,IT Support,Account Setup,Small Business,Normal,Open,2.72,0.0,8,72,1,1,0,320,120.17,199.83,4.14
REQ-10459,2026-03-30,2026-03-30,Email,Billing,Billing Question,Internal Staff,High,Closed,1.92,8.07,4,36,1,1,0,153.19,64.5,88.69,4.49
REQ-10028,2026-03-31,2026-03-30,Phone,Billing,Invoice Correction,Parent,High,Closed,1.94,6.02,4,36,1,1,1,241.21,80.44,160.77,4.04
REQ-10137,2026-03-31,2026-03-30,Referral,Billing,Invoice Correction,Student,Normal,Closed,1.84,9.4,8,72,1,1,0,311.78,108.4,203.38,4.59
REQ-10302,2026-03-31,2026-03-30,Email,Data & Reporting,Data Export,Parent,Normal,In Progress,7.4,0.0,8,72,1,1,0,694.64,321.7,372.94,4.2
REQ-10364,2026-03-31,2026-03-30,Walk-In,Billing,Billing Question,Small Business,Normal,Closed,3.26,8.56,8,72,1,1,1,290.65,123.09,167.56,3.94
REQ-10563,2026-03-31,2026-03-30,Walk-In,Admin Operations,Vendor Record Update,Small Business,Normal,Closed,2.84,7.43,8,72,1,1,0,232.8,81.48,151.32,4.44
REQ-10107,2026-04-01,2026-03-30,Email,Systems Operations,Intake Form Issue,Internal Staff,Low,In Progress,5.8,0.0,16,120,1,1,1,555.8,361.91,193.89,3.78
REQ-10173,2026-04-01,2026-03-30,Web Form,Data & Reporting,Data Export,Small Business,Normal,Closed,1.7,12.24,8,72,1,1,0,373.15,145.56,227.59,3.8
REQ-10183,2026-04-01,2026-03-30,Email,Admin Operations,Vendor Record Update,Parent,Normal,Closed,1.16,19.37,8,72,1,1,0,230.47,115.23,115.24,4.38
REQ-10192,2026-04-01,2026-03-30,Web Form,Data & Reporting,Data Export,Small Business,High,In Progress,3.55,0.0,4,36,1,1,1,480,245.8,234.2,3.66
REQ-10259,2026-04-01,2026-03-30,Web Form,Data & Reporting,Dashboard Request,Parent,High,Closed,0.91,12.0,4,36,1,1,0,898.28,223.3,674.98,4.48
REQ-10387,2026-04-01,2026-03-30,Email,Scheduling,Appointment Change,Parent,Normal,Closed,2.33,4.44,8,72,1,1,0,168.51,80.33,88.18,4.4
REQ-10435,2026-04-01,2026-03-30,Web Form,Client Success,Service Follow-Up,Small Business,Normal,Closed,5.12,11.44,8,72,1,1,0,268.28,91.1,177.18,4.51
REQ-10003,2026-04-02,2026-03-30,Web Form,Billing,Billing Question,Parent,Low,In Progress,4.89,0.0,16,120,1,1,1,210.7,111.67,99.03,3.9
REQ-10147,2026-04-02,2026-03-30,Web Form,Systems Operations,Intake Form Issue,Vendor,Low,Open,1.78,0.0,16,120,1,1,1,405.71,321.85,83.86,4.17
REQ-10493,2026-04-02,2026-03-30,Email,Scheduling,Appointment Change,Student,Normal,Closed,6.15,8.75,8,72,1,1,0,126.95,62.63,64.32,4.21
REQ-10520,2026-04-02,2026-03-30,Email,Systems Operations,Intake Form Issue,Parent,Normal,Closed,2.23,14.71,8,72,1,1,0,517.4,181.09,336.31,4.37
REQ-10526,2026-04-02,2026-03-30,Web Form,Scheduling,Appointment Change,Small Business,Low,In Progress,4.59,0.0,16,120,1,1,0,136.71,70.48,66.23,4.3
REQ-10561,2026-04-02,2026-03-30,Email,Systems Operations,Intake Form Issue,Student,Normal,Open,2.9,0.0,8,72,1,1,0,370.57,129.7,240.87,4.41
REQ-10035,2026-04-03,2026-03-30,Web Form,Client Success,Service Follow-Up,Internal Staff,Normal,Closed,5.85,8.75,8,72,1,1,0,260.5,141.69,118.81,4.41
REQ-10105,2026-04-03,2026-03-30,Email,Data & Reporting,Dashboard Request,Internal Staff,Normal,Closed,2.41,46.29,8,72,1,1,0,1055.62,386.22,669.4,3.8
REQ-10110,2026-04-03,2026-03-30,Phone,Scheduling,Appointment Change,Parent,Normal,Open,1.39,0.0,8,72,1,1,0,161.62,68.3,93.32,4.37
REQ-10126,2026-04-03,2026-03-30,Email,Data & Reporting,Data Export,Internal Staff,High,Closed,1.64,7.85,4,36,1,1,1,650.78,281.78,369.0,4.2
REQ-10300,2026-04-04,2026-03-30,Referral,Billing,Billing Question,Internal Staff,Low,Closed,7.99,17.3,16,120,1,1,0,210,49.46,160.54,4.1
REQ-10505,2026-04-04,2026-03-30,Email,Admin Operations,Vendor Record Update,Small Business,Low,In Progress,2.45,0.0,16,120,1,1,0,243.66,96.97,146.69,4.18
REQ-10279,2026-04-05,2026-03-30,Email,Billing,Invoice Correction,Parent,Normal,Closed,4.71,28.12,8,72,1,1,0,391.1,132.17,258.93,4.12
REQ-10337,2026-04-05,2026-03-30,Phone,Data & Reporting,Dashboard Request,Internal Staff,High,Closed,1.55,7.55,4,36,1,1,0,1114.68,427.85,686.83,4.51
REQ-10378,2026-04-05,2026-03-30,Web Form,Data & Reporting,Data Export,Vendor,Normal,Closed,3.4,10.45,8,72,1,1,1,497.87,361.44,136.43,4.11
REQ-10474,2026-04-05,2026-03-30,Web Form,Data & Reporting,Dashboard Request,Parent,High,Closed,2.13,3.93,4,36,1,1,0,850,348.5,501.5,4.4
REQ-10551,2026-04-05,2026-03-30,Web Form,Client Success,Service Follow-Up,Vendor,High,Closed,1.12,6.14,4,36,1,1,0,260,77.54,182.46,4.39
REQ-10587,2026-04-05,2026-03-30,Web Form,Data & Reporting,Dashboard Request,Student,Normal,Open,3.05,0.0,8,72,1,1,0,777.02,340.22,436.8,4.15
REQ-10602,2026-04-05,2026-03-30,Walk-In,Billing,Billing Question,Parent,Normal,Closed,3.95,12.04,8,72,1,1,1,231.1,99.86,131.24,3.9
REQ-10622,2026-04-05,2026-03-30,Walk-In,Billing,Invoice Correction,Internal Staff,Normal,In Progress,0.85,0.0,8,72,1,1,0,208.99,113.0,95.99,4.16
REQ-10032,2026-04-06,2026-04-06,Email,Billing,Invoice Correction,Small Business,Low,Closed,8.3,11.93,16,120,1,1,0,330.23,88.55,241.68,4.31
REQ-10051,2026-04-06,2026-04-06,Referral,Data & Reporting,Dashboard Request,Small Business,Normal,Open,3.16,0.0,8,72,1,1,0,1145.83,450.26,695.57,4.1
REQ-10209,2026-04-06,2026-04-06,Web Form,Scheduling,Appointment Change,Small Business,High,Closed,3.56,4.36,4,36,1,1,0,168.73,78.88,89.85,3.8
REQ-10270,2026-04-06,2026-04-06,Email,Systems Operations,Automation Request,Internal Staff,Low,Open,7.44,0.0,16,120,1,1,0,1375.85,319.06,1056.79,4.24
REQ-10449,2026-04-06,2026-04-06,Email,Data & Reporting,Data Export,Student,High,In Progress,5.08,0.0,4,36,0,1,0,555.28,226.28,329.0,4.17
REQ-10617,2026-04-06,2026-04-06,Referral,Scheduling,General Request,Internal Staff,Normal,Open,6.6,0.0,8,72,1,1,0,175.43,91.0,84.43,4.23
REQ-10093,2026-04-07,2026-04-06,Email,Scheduling,Appointment Change,Student,Normal,Open,3.05,0.0,8,72,1,1,0,165.47,84.12,81.35,4.43
REQ-10135,2026-04-07,2026-04-06,Web Form,Systems Operations,Intake Form Issue,Parent,High,In Progress,1.4,0.0,4,36,1,1,0,367.68,115.54,252.14,4.38
REQ-10181,2026-04-07,2026-04-06,Referral,Billing,Billing Question,Vendor,Normal,Closed,1.3,6.89,8,72,1,1,0,236.58,82.8,153.78,4.51
REQ-10212,2026-04-07,2026-04-06,Email,IT Support,Account Setup,Internal Staff,Normal,Closed,3.2,8.75,8,72,1,1,0,332.2,156.88,175.32,4.4
REQ-10339,2026-04-07,2026-04-06,Email,Data & Reporting,Dashboard Request,Parent,Normal,Closed,2.09,9.3,8,72,1,1,0,1227.77,588.84,638.93,4.5
REQ-10352,2026-04-07,2026-04-06,Walk-In,Scheduling,Appointment Change,Internal Staff,Low,Open,4.11,0.0,16,120,1,1,0,129.54,51.37,78.17,4.03
REQ-10401,2026-04-07,2026-04-06,Phone,Systems Operations,Intake Form Issue,Internal Staff,Low,In Progress,1.6,0.0,16,120,1,1,0,354.39,107.73,246.66,4.17
REQ-10179,2026-04-08,2026-04-06,Web Form,Admin Operations,Vendor Record Update,Internal Staff,Normal,In Progress,2.34,0.0,8,72,1,1,0,160.78,67.5,93.28,4.15
REQ-10471,2026-04-08,2026-04-06,Web Form,Admin Operations,Vendor Record Update,Vendor,Normal,In Progress,3.08,0.0,8,72,1,1,0,155.59,52.83,102.76,4.23
REQ-10598,2026-04-08,2026-04-06,Referral,Scheduling,Appointment Change,Student,Normal,In Progress,3.48,0.0,8,72,1,1,0,160,81.7,78.3,3.8
REQ-10606,2026-04-08,2026-04-06,Email,Systems Operations,Intake Form Issue,Vendor,Low,Closed,5.79,18.81,16,120,1,1,0,420.79,113.56,307.23,4.11
REQ-10248,2026-04-09,2026-04-06,Walk-In,Billing,Invoice Correction,Parent,Normal,Closed,2.97,8.75,8,72,1,1,0,280,61.25,218.75,3.8
REQ-10545,2026-04-09,2026-04-06,Email,Admin Operations,Vendor Record Update,Internal Staff,Normal,Closed,8.22,12.19,8,72,0,1,1,180,81.28,98.72,3.85
REQ-10036,2026-04-10,2026-04-06,Walk-In,Systems Operations,General Request,Student,Normal,In Progress,2.0,0.0,8,72,1,1,0,314.68,110.14,204.54,4.18
REQ-10429,2026-04-10,2026-04-06,Walk-In,Systems Operations,Automation Request,Parent,Normal,Closed,3.82,8.75,8,72,1,1,0,886.23,281.9,604.33,4.1
REQ-10492,2026-04-10,2026-04-06,Web Form,Data & Reporting,General Request,Parent,Normal,Closed,1.39,38.7,8,72,1,1,0,430.86,105.2,325.66,4.25
REQ-10502,2026-04-10,2026-04-06,Web Form,Systems Operations,Automation Request,Parent,Urgent,In Progress,1.2,0.0,2,24,1,1,0,1108.7,364.95,743.75,4.45
REQ-10539,2026-04-10,2026-04-06,Web Form,Systems Operations,Intake Form Issue,Student,Normal,Closed,1.26,7.85,8,72,1,1,1,363.61,170.15,193.46,4.1
REQ-10101,2026-04-11,2026-04-06,Phone,Billing,Billing Question,Parent,High,Closed,2.42,14.69,4,36,1,1,0,210,73.96,136.04,4.61
REQ-10276,2026-04-11,2026-04-06,Walk-In,IT Support,Account Setup,Student,Normal,Closed,3.05,15.84,8,72,1,1,0,273.05,78.24,194.81,4.48
REQ-10298,2026-04-11,2026-04-06,Phone,Client Success,Service Follow-Up,Vendor,Normal,Closed,2.31,9.67,8,72,1,1,0,331.12,100.84,230.28,4.5
REQ-10317,2026-04-11,2026-04-06,Web Form,Data & Reporting,Dashboard Request,Parent,High,Closed,2.86,6.14,4,36,1,1,0,624.28,283.49,340.79,4.4
REQ-10329,2026-04-11,2026-04-06,Phone,Data & Reporting,Dashboard Request,Vendor,Urgent,Open,1.2,0.0,2,24,1,1,0,1105.71,361.23,744.48,4.24
REQ-10424,2026-04-11,2026-04-06,Web Form,Billing,Billing Question,Vendor,Low,Closed,4.2,27.34,16,120,1,1,0,230.79,57.93,172.86,4.25
REQ-10478,2026-04-11,2026-04-06,Phone,Client Success,Service Follow-Up,Small Business,Normal,Closed,1.59,34.49,8,72,1,1,0,304.65,136.34,168.31,4.42
REQ-10507,2026-04-11,2026-04-06,Email,Systems Operations,Intake Form Issue,Parent,Urgent,Closed,1.4,7.92,2,24,1,1,0,349.68,162.5,187.18,4.7
REQ-10143,2026-04-12,2026-04-06,Unknown,Scheduling,Appointment Change,Unknown,Low,Open,6.53,0.0,16,120,1,1,0,125.19,32.73,92.46,4.19
REQ-10165,2026-04-12,2026-04-06,Phone,IT Support,Account Setup,Small Business,High,In Progress,1.38,0.0,4,36,1,1,0,270.54,107.96,162.58,4.46
REQ-10168,2026-04-12,2026-04-06,Phone,Billing,Invoice Correction,Student,Normal,Closed,3.41,10.9,8,72,1,1,0,285.57,88.6,196.97,4.45
REQ-10397,2026-04-12,2026-04-06,Walk-In,Data & Reporting,Dashboard Request,Student,High,Closed,3.74,6.14,4,36,1,1,0,779.55,226.98,552.57,4.51
REQ-10418,2026-04-12,2026-04-06,Unknown,Data & Reporting,Data Export,Internal Staff,Low,Open,5.9,0.0,16,120,1,1,0,515.76,178.36,337.4,4.07
REQ-10178,2026-04-13,2026-04-13,Web Form,Billing,Invoice Correction,Small Business,High,Closed,2.72,17.46,4,36,1,1,0,280,151.44,128.56,4.52
REQ-10612,2026-04-13,2026-04-13,Phone,Billing,Billing Question,Student,Normal,Closed,2.62,92.74,8,72,1,0,1,301.91,191.2,110.71,3.95
REQ-10077,2026-04-14,2026-04-13,Web Form,Admin Operations,Vendor Record Update,Student,Urgent,Closed,1.4,3.03,2,24,1,1,0,192.56,105.27,87.29,3.8
REQ-10354,2026-04-14,2026-04-13,Walk-In,Scheduling,Appointment Change,Internal Staff,Low,Closed,4.2,54.04,16,120,1,1,0,219.2,113.78,105.42,4.01
REQ-10437,2026-04-14,2026-04-13,Referral,Data & Reporting,Dashboard Request,Unknown,Low,In Progress,3.46,0.0,16,120,1,1,0,850,322.34,527.66,4.11
REQ-10635,2026-04-14,2026-04-13,Referral,Scheduling,Appointment Change,Internal Staff,Normal,Closed,4.17,11.3,8,72,1,1,1,187.05,85.48,101.57,4.11
REQ-10079,2026-04-15,2026-04-13,Email,Billing,Invoice Correction,Internal Staff,High,Closed,2.14,25.34,4,36,1,1,0,339.04,110.04,229.0,4.42
REQ-10410,2026-04-15,2026-04-13,Web Form,Systems Operations,Automation Request,Vendor,Low,Closed,4.2,27.7,16,120,1,1,0,1200,438.23,761.77,4.1
REQ-10595,2026-04-15,2026-04-13,Phone,Billing,Billing Question,Parent,Low,Open,4.58,0.0,16,120,1,1,0,204.52,97.95,106.57,4.04
REQ-10634,2026-04-15,2026-04-13,Web Form,Admin Operations,Vendor Record Update,Small Business,High,Closed,2.1,6.77,4,36,1,1,0,180,65.73,114.27,4.64
REQ-10098,2026-04-16,2026-04-13,Web Form,Admin Operations,Vendor Record Update,Small Business,Normal,Closed,3.03,19.97,8,72,1,1,0,191.43,59.91,131.52,4.48
REQ-10294,2026-04-16,2026-04-13,Email,Admin Operations,Vendor Record Update,Vendor,High,In Progress,3.17,0.0,4,36,1,1,1,134.3,45.37,88.93,3.86
REQ-10030,2026-04-17,2026-04-13,Referral,Billing,Invoice Correction,Vendor,Normal,Closed,3.33,45.5,8,72,1,1,0,280,117.74,162.26,4.0
REQ-10038,2026-04-17,2026-04-13,Phone,IT Support,Account Setup,Small Business,Low,Closed,1.8,12.32,16,120,1,1,1,396.56,231.28,165.28,4.26
REQ-10039,2026-04-17,2026-04-13,Referral,Admin Operations,Vendor Record Update,Student,Normal,In Progress,4.1,0.0,8,72,1,1,0,165.25,78.62,86.63,4.26
REQ-10224,2026-04-17,2026-04-13,Phone,Data & Reporting,Dashboard Request,Parent,Low,Open,1.87,0.0,16,120,1,1,0,646.69,208.62,438.07,4.35
REQ-10325,2026-04-17,2026-04-13,Email,Data & Reporting,Data Export,Parent,Normal,Closed,4.31,30.6,8,72,1,1,0,438.95,108.93,330.02,3.8
REQ-10363,2026-04-17,2026-04-13,Web Form,Scheduling,Appointment Change,Vendor,Normal,In Progress,3.05,0.0,8,72,1,1,0,141.78,55.39,86.39,4.09
REQ-10398,2026-04-17,2026-04-13,Web Form,Billing,Billing Question,Parent,Normal,Closed,4.02,10.05,8,72,1,1,1,273.77,137.62,136.15,3.8
REQ-10462,2026-04-17,2026-04-13,Phone,Client Success,Service Follow-Up,Unknown,High,In Progress,0.59,0.0,4,36,1,1,0,276.39,61.65,214.74,4.34
REQ-10530,2026-04-17,2026-04-13,Phone,Billing,Billing Question,Vendor,Normal,Closed,1.76,9.77,8,72,1,1,0,268.39,93.94,174.45,4.35
REQ-10336,2026-04-18,2026-04-13,Web Form,Systems Operations,Intake Form Issue,Internal Staff,High,Open,1.44,0.0,4,36,1,1,1,445.12,255.23,189.89,4.1
REQ-10406,2026-04-18,2026-04-13,Email,Systems Operations,Automation Request,Small Business,High,Closed,2.91,27.86,4,36,1,1,0,1022.09,441.86,580.23,4.13
REQ-10426,2026-04-18,2026-04-13,Walk-In,Data & Reporting,Data Export,Parent,Normal,Closed,1.3,13.23,8,72,1,1,0,520.69,248.52,272.17,4.6
REQ-10499,2026-04-18,2026-04-13,Email,Admin Operations,Vendor Record Update,Parent,High,Open,1.94,0.0,4,36,1,1,0,231.77,75.19,156.58,4.08
REQ-10509,2026-04-18,2026-04-13,Email,Admin Operations,Vendor Record Update,Small Business,Normal,In Progress,6.11,0.0,8,72,1,1,0,223.04,94.17,128.87,4.13
REQ-10547,2026-04-18,2026-04-13,Phone,Admin Operations,Vendor Record Update,Internal Staff,Normal,Open,3.35,0.0,8,72,1,1,0,167.88,64.38,103.5,4.2
REQ-10550,2026-04-18,2026-04-13,Walk-In,Data & Reporting,Dashboard Request,Student,Normal,Closed,5.2,10.99,8,72,1,1,0,797.0,223.8,573.2,4.18
REQ-10560,2026-04-19,2026-04-13,Email,Billing,Invoice Correction,Small Business,High,Closed,7.22,6.14,4,36,0,1,0,295.49,90.23,205.26,4.4
REQ-10355,2026-04-20,2026-04-20,Email,Data & Reporting,Dashboard Request,Small Business,Low,Open,8.47,0.0,16,120,1,1,0,1171.32,459.6,711.72,4.15
REQ-10419,2026-04-20,2026-04-20,Phone,Systems Operations,Automation Request,Small Business,Normal,In Progress,0.8,0.0,8,72,1,1,1,865.38,302.88,562.5,3.92
REQ-10433,2026-04-20,2026-04-20,Referral,Data & Reporting,Dashboard Request,Vendor,Normal,Closed,1.67,16.96,8,72,1,1,1,715.29,478.98,236.31,4.24
REQ-10456,2026-04-20,2026-04-20,Email,Client Success,Service Follow-Up,Internal Staff,Normal,In Progress,3.05,0.0,8,72,1,1,0,308.74,126.44,182.3,4.04
REQ-10614,2026-04-20,2026-04-20,Web Form,IT Support,Account Setup,Parent,High,Closed,2.4,5.28,4,36,1,1,0,280.66,115.91,164.75,4.55
REQ-10102,2026-04-21,2026-04-20,Web Form,Scheduling,Appointment Change,Vendor,Urgent,Open,1.14,0.0,2,24,1,1,0,129.89,45.46,84.43,4.4
REQ-10117,2026-04-21,2026-04-20,Web Form,Systems Operations,Intake Form Issue,Internal Staff,Normal,In Progress,5.82,0.0,8,72,1,1,1,515.27,193.61,321.66,3.93
REQ-10191,2026-04-21,2026-04-20,Web Form,Systems Operations,Intake Form Issue,Vendor,Normal,In Progress,2.8,0.0,8,72,1,1,0,411.09,198.91,212.18,4.09
REQ-10258,2026-04-21,2026-04-20,Walk-In,Billing,Billing Question,Parent,Normal,Open,1.32,0.0,8,72,1,1,0,166.9,71.28,95.62,4.19
REQ-10305,2026-04-21,2026-04-20,Email,Data & Reporting,Data Export,Student,Normal,Closed,4.02,9.53,8,72,1,1,0,414.11,131.02,283.09,4.44
REQ-10357,2026-04-21,2026-04-20,Referral,Client Success,Service Follow-Up,Parent,Low,Open,6.21,0.0,16,120,1,1,0,328.39,180.48,147.91,4.12
REQ-10438,2026-04-21,2026-04-20,Referral,Systems Operations,Intake Form Issue,Parent,Normal,Closed,2.14,24.05,8,72,1,1,0,501.9,257.24,244.66,4.31
REQ-10239,2026-04-22,2026-04-20,Email,Client Success,Service Follow-Up,Internal Staff,Normal,Closed,4.52,5.32,8,72,1,1,0,326.67,112.63,214.04,4.46
REQ-10316,2026-04-22,2026-04-20,Referral,Billing,Billing Question,Parent,Low,Closed,5.52,8.47,16,120,1,1,0,269.13,129.8,139.33,4.52
REQ-10052,2026-04-23,2026-04-20,Web Form,Scheduling,Appointment Change,Parent,Low,Closed,7.12,15.5,16,120,1,1,0,160,88.73,71.27,4.12
REQ-10054,2026-04-23,2026-04-20,Walk-In,Systems Operations,Automation Request,Vendor,High,Closed,1.92,9.68,4,36,1,1,0,1581.25,638.98,942.27,4.35
REQ-10129,2026-04-23,2026-04-20,Email,Billing,Billing Question,Vendor,High,In Progress,3.09,0.0,4,36,1,1,0,210,73.5,136.5,4.24
REQ-10253,2026-04-23,2026-04-20,Walk-In,Data & Reporting,Data Export,Parent,Urgent,Closed,0.5,5.03,2,24,1,1,0,554.23,233.55,320.68,4.73
REQ-10266,2026-04-23,2026-04-20,Web Form,Data & Reporting,General Request,Student,Normal,Closed,1.47,14.1,8,72,1,1,0,626.56,168.75,457.81,4.61
REQ-10356,2026-04-23,2026-04-20,Email,Admin Operations,General Request,Vendor,Normal,Closed,12.59,13.79,8,72,0,1,0,160.96,81.83,79.13,4.22
REQ-10558,2026-04-23,2026-04-20,Referral,Client Success,Service Follow-Up,Small Business,Normal,Closed,3.05,8.75,8,72,1,1,0,213.2,92.12,121.08,4.4
REQ-10616,2026-04-23,2026-04-20,Web Form,Billing,Invoice Correction,Parent,Low,Closed,8.03,10.41,16,120,1,1,0,232.72,59.42,173.3,4.38
REQ-10211,2026-04-24,2026-04-20,Email,Systems Operations,Intake Form Issue,Parent,Normal,Closed,2.49,14.44,8,72,1,1,1,467.81,163.73,304.08,4.01
REQ-10326,2026-04-24,2026-04-20,Email,Billing,Billing Question,Vendor,Low,Open,3.87,0.0,16,120,1,1,0,262.38,73.88,188.5,4.13
REQ-10351,2026-04-24,2026-04-20,Email,IT Support,Account Setup,Small Business,Normal,Open,14.16,0.0,8,72,0,1,0,322.23,132.77,189.46,3.86
