ticket_id,request_date,channel,department,request_type,customer_type,priority,status,response_hours,resolution_hours,rework_required,revenue_value,cost_estimate,satisfaction_score
REQ-10177,Feb 12 2026,Referral,Systems Operations,Automation Request,Internal Staff,Low,Open, 4.8 ,,N,1699.20,,4.08
REQ-10501,03/09/2026,Phone,Billing,Billing Question,Vendor,Low,Closed,1.91,9.13,no,161.02,83.48,4.37
REQ-10291,Mar 04 2026,email,Billing,,Vendor,High,Closed,2.50,6.87,true,212.95,60.71,4.28
REQ-10359,Mar 04 2026,Web Form,Systems Operations,Intake Form Issue,Parent,Normal,Open,4.20, 0.0 ,false,471.87,123.18,4.06
REQ-10049,01/20/2026,Email,Billing,Billing Question,Parent,High,Closed,1.07,1.87,true,,191.18,4.20
REQ-10086,2026-01-30,Web Form,Billing,Billing Question,Small Business,High,Closed,1.81,9.39,false,293.05,119.50,4.43
REQ-10052,2026-04-23,Web Form,Scheduling,Appointment Change,Parent,Low,Closed,7.12, 15.5 ,0,,88.73,4.12
REQ-10150,2026-02-17,Phone,Data & Reporting,Data Export,Small Business,Normal,Closed,3.99,13.57,N,618.36,295.92,4.56
REQ-10576,02/07/2026,Email,Billing,Invoice Correction,Internal Staff,Normal,In Progress,6.11,0.00,true,377.90,164.07,3.68
REQ-10048,2026-03-18,Web Form,Billing,Billing Question,Vendor,Normal,Closed,3.04,9.38,N,255.75,123.39,4.30
REQ-10035,2026-04-03,Web Form,Client Success,Service Follow-Up,Internal Staff,Normal,Closed,5.85,,no, 260.5 ,141.69,4.41
REQ-10198,03/02/2026,Walk-In,Billing,Billing Question,Parent,High,Open,1.24,0.00,N,152.44,78.09,4.28
REQ-10058,01/26/2026,,Billing,Invoice Correction,Vendor,Normal,Closed, 3.5 ,23.36,N,391.45,170.16,4.50
REQ-10181,2026-04-07,Referral,Billing,Billing Question,Vendor,Normal,Closed, 1.3 ,6.89,N,236.58,-86.68,4.51
REQ-10363,Apr 17 2026,Web Form,Scheduling,Appointment Change,Vendor,Normal,In Progress,,0.00,N,141.78,55.39,4.09
REQ-10417,2026-03-29,Email,Scheduling,Appointment Change,Small Business,Low,Pending,2.72,0.00,true,145.68,77.18,
REQ-10403,01/10/2026,,Systems Operations,Automation Request,Internal Staff,Normal,Closed,1.01,6.12,no,969.56,334.09,4.41
REQ-10175,01/21/2026,Phone,,Billing Question,Vendor,Normal,Closed,1.31,14.40,0,151.34,45.18,4.19
REQ-10447,2026-03-29,Phone,Client Success,Service Follow-Up,Small Business,Normal,Open,1.97,0.00,N,309.54,,4.26
REQ-10297,2026-03-22,Email,Data & Reporting,Data Export,Internal Staff,Normal,Closed,4.48,19.83,N,678.54,160.86,4.47
REQ-10141,Mar 23 2026,Web Form,Admin Operations,Vendor Record Update,Small Business,Normal,Open,1.68,,1,154.14,67.76,
REQ-10553,03/11/2026,Phone,Data & Reporting,Data Export,Vendor,Low,Closed,3.68,26.16,N,595.55,287.30,4.43
REQ-10521,2026-03-08, PHONE ,Admin Operations,Vendor Record Update,Student,Normal,Closed,1.89,3.86,0,163.47,57.29,4.55
REQ-10067,2026-02-26,Walk-In,Billing,Billing Question,Parent,Normal,Closed,,26.23,N,192.26,94.08,4.50
REQ-10166,Mar 17 2026,Web Form,Client Success,Service Follow-Up,Vendor,Normal,Closed,2.45,9.97,N,372.16,146.49,4.43
REQ-10340,03/23/2026,Email,Scheduling,Appointment Change,Parent,Low,Closed,,-8.18,N,212.61,52.39,4.36
REQ-10121,Mar 22 2026,Web Form,Billing,Invoice Correction,Student,Normal,In Progress,3.71,,0,273.65,85.80,4.01
REQ-10071,Feb 13 2026,Email,Billing,Invoice Correction,Vendor,Low,Closed,14.27,15.07,false,271.30,95.22,3.88
REQ-10367,02/10/2026,Email,Scheduling,Appointment Change,Parent,Normal,In Progress,4.62,0.00,0,122.25,,3.99
REQ-10031,Mar 08 2026,Phone,Data & Reporting,Data Export,Internal Staff,Low,New,,0.00,no,415.13,205.73,4.14
REQ-10051,04/06/2026,Referral,Data & Reporting,Dashboard Request,Small Business,Normal,Open,3.16,0.00,N,1145.83,450.26, 4.1 
REQ-10356,Apr 23 2026,Email,Admin Operations,,Vendor,Normal,Done,12.59,13.79,false,160.96,81.83,4.22
REQ-10206,Jan 23 2026,Email,Client Success,Service Follow-Up,Vendor,Normal,open,3.28,,no,267.60,91.27,4.15
REQ-10422,Mar 28 2026,Phone,Data & Reporting,Data Export,Student,Normal,In Progress,3.88,0.00,Y,373.70,237.56,3.78
REQ-10548,2026-02-17,Email,Billing,Invoice Correction,Student,Normal,Closed,1.76,,N,390.58,190.07,4.56
REQ-10578,2026-01-11,Web Form,Billing,Invoice Correction,Internal Staff,Normal,Closed,1.67,26.96,no,341.35, 81.1 ,4.32
REQ-10574,02/14/2026,,Client Success,Service Follow-Up,Student,Normal,Closed,17.53,18.33,N,231.38,113.88,3.98
REQ-10366,Mar 14 2026,,Scheduling,Appointment Change,Student,Low,Closed,2.05,8.84,no,175.47,40.72, 4.5 
REQ-10123,2026-03-24,,Billing,Invoice Correction,Student,Normal,In Progress,5.87,0.00,false,,137.52,3.93
REQ-10158,Mar 13 2026,Phone,Scheduling,Appointment Change,Vendor,High,In Progress,, 0.0 ,no,151.45,72.29,4.38
REQ-10017,Feb 12 2026,referral,Billing,Billing Question,Internal Staff,Low,Closed,10.76,21.46,Y,157.18,65.92,3.66
REQ-10359,Mar 04 2026,Web Form,Systems Operations,Intake Form Issue,Parent,Normal,Complete,4.20,24.87,false,471.87,123.18,4.06
REQ-10485,03/14/2026,Referral,Client Success,Service Follow-Up,Student,,Closed,5.17,34.37,0,365.35,,4.29
REQ-10558,2026-04-23,Referral,Client Success,Service Follow-Up,Small Business,,Closed,,,no, 213.2 ,92.12, 4.4 
REQ-10233,2026-03-19,Email,Admin Operations,Vendor Record Update,Student,High,Open,2.90,0.00,false,139.81,75.34,4.28
REQ-10428,01/14/2026, EMAIL ,IT Support,Account Setup,Student,Low,Closed,3.39,6.35,0,454.26,211.90,4.58
REQ-10102,Apr 21 2026,Web Form,Scheduling,Appointment Change,Vendor,Urgent,Open,,0.00,no,129.89,,4.40
REQ-10168,2026-04-12,Phone,Billing,Invoice Correction,Student,Normal,Closed,3.41,10.90,0,285.57, 88.6 ,4.45
REQ-10500,02/16/2026,Email,Data & Reporting,Data Export,Small Business,Low,Open,9.25,0.00,yes,624.11,,3.59
REQ-10423,03/30/2026,Email,IT Support,Account Setup,Small Business,Normal,Open,2.72,0.00,false,,120.17,4.14
REQ-10004,2026-02-11,Web Form,Systems Operations,Intake Form Issue,Small Business,High,closed,1.44, 25.4 ,0,314.48,110.26,4.52
REQ-10626,01/16/2026,Email,Systems Operations,Intake Form Issue,Vendor,Normal,Closed,6.22, 13.0 ,yes,381.46,210.54,4.07
REQ-10030,2026-04-17,Referral,Billing,Invoice Correction,Vendor,Normal,Closed,3.33,45.50,no,,117.74,4.00
REQ-10227,02/02/2026,Email,Data & Reporting,Dashboard Request,Parent,Normal,Closed,3.84,7.47,N,,306.92,4.40
REQ-10246,03/11/2026,web form,Data & Reporting,Dashboard Request,Small Business,Normal,In Progress,1.33,0.00,no,1219.25,427.08,4.24
REQ-10194,02/25/2026,Referral,Client Success,Service Follow-Up,Student,Low,Closed,2.85,9.13,Y,306.74,138.33,4.21
REQ-10230,02/18/2026,Web Form,Billing,Billing Question,Vendor,Normal,In Progress,2.71,0.00,1,,,4.07
REQ-10481,03/01/2026,Email,Client Success,Service Follow-Up,Small Business,Normal,Closed,1.46,25.86,false,262.66,131.08,4.51
REQ-10325,2026-04-17,Email,Data & Reporting,Data Export,Parent,Normal,Closed,4.31, 30.6 ,false,438.95,108.93,
REQ-10627,2026-01-17,Email,Admin Operations,Vendor Record Update,Student,Normal,Open,1.99, 0.0 ,false,206.88,87.80,4.06
REQ-10431,Feb 24 2026,Web Form,Admin Operations,Vendor Record Update,Student,Normal,Closed,2.00,4.79,false,252.75, 61.8 ,4.48
REQ-10386,03/15/2026,Web Form,Systems Operations,Intake Form Issue,Vendor,Low,Closed,6.90,24.99,false,339.74,132.86,4.28
REQ-10157,2026-03-12,Referral,Admin Operations,Vendor Record Update,Student,Normal,Open,4.21,0.00,0,214.74,110.66,4.11
REQ-10221,Jan 19 2026,Web Form,Systems Operations,Automation Request,Vendor,High,In Progress,0.85,0.00,0,1117.13,334.11,4.19
REQ-10634,04/15/2026,web form,Admin Operations,Vendor Record Update,Small Business,High,Closed, 2.1 ,6.77,N,,65.73,4.64
REQ-10371,01/30/2026,Email,Scheduling,Appointment Change,Internal Staff,Normal,In Progress,5.21,0.00,N,222.74, 64.3 , 4.2 
REQ-10204,03/03/2026,Email,Scheduling,Appointment Change,Parent,Low,In Progress,5.95,0.00,false,195.38,57.85,4.17
REQ-10149,Feb 25 2026,,Data & Reporting,Dashboard Request,Vendor,Normal,In Progress,2.42,0.00,N,1218.67,307.26,4.40
REQ-10247,Feb 16 2026,phone,Data & Reporting,Data Export,,Normal,Closed,2.25,21.09,yes,620.11,,4.05
REQ-10380,Feb 11 2026,Referral,Admin Operations,Vendor Record Update,Vendor,Normal,Complete,5.04,12.00,0,189.63,82.04,4.54
REQ-10461,02/09/2026,Walk-In,Admin Operations,Vendor Record Update,Student,Urgent,Closed,0.90,2.32,no,250.05,,4.46
REQ-10568,2026-02-21,Web Form,Billing,Invoice Correction,Parent,Normal,In Progress,2.54,0.00,N,231.29,101.76,
REQ-10411,2026-02-17,referral,Billing,Billing Question,Parent,High,Closed,3.39,11.23,false,174.32,83.77,4.35
REQ-10515,Mar 14 2026,Email,IT Support,Account Setup,Student,Low,In Progress,5.24, 0.0 ,false,430.68,111.50,4.20
REQ-10583,2026-03-10,Phone,Billing,Billing Question,Student,Normal,In Progress,, 0.0 ,0,231.61,117.49,4.14
REQ-10146,2026-03-12,Phone,Scheduling,,Internal Staff,High,In Progress,1.77,0.00,false, 136.2 ,44.88,4.24
REQ-10614,04/20/2026,WEB,IT Support,Account Setup,Parent,High,closed, 2.4 ,5.28,N,280.66,115.91,4.55
REQ-10113,2026-01-28,referral,Billing,Billing Question,Parent,Normal,Closed,4.92,29.52,N,246.60,83.73,4.30
REQ-10106,2026-01-31,Phone,Data & Reporting,Data Export,Vendor,High,Closed,1.85,16.87,no,,131.64,4.44
REQ-10135,2026-04-07,Web Form,Systems Operations,Intake Form Issue,Parent,High,In Progress, 1.4 ,0.00,no,367.68,115.54,4.38
REQ-10419,Apr 20 2026, PHONE ,Systems Operations,Automation Request,Small Business,Normal,In Progress,0.80,0.00,1,865.38,,3.92
REQ-10024,2026-01-29,Web Form,Scheduling,Appointment Change,Student,Normal,Closed,3.41,7.10,N,203.00,,4.66
REQ-10038,Apr 17 2026,Phone,IT Support,Account Setup,Small Business,Low,Closed,1.80,12.32,true,396.56,231.28,4.26
REQ-10503,2026-02-07,Email,Systems Operations,Automation Request,Student,Normal,Closed, 3.0 ,58.20,false,1058.83,536.01,3.91
REQ-10556,03/06/2026,Web Form,Billing,Invoice Correction,Small Business,,Closed,1.23,8.54,0,310.87,157.88,4.71
REQ-10487,02/19/2026,Web Form,Data & Reporting,Dashboard Request,Internal Staff,Low,Open,2.58,,N,899.35, 461.4 , 4.3 
REQ-10241,2026-03-25,Web Form,IT Support,Account Setup,Internal Staff,High,New,2.09,0.00,no,341.00,97.26,4.21
REQ-10060,2026-01-26,,Billing,Billing Question,Small Business,Low,Closed,2.68,30.46,yes,,136.40,3.98
REQ-10405,02/14/2026,Web Form,,Data Export,Small Business,Low,Open,3.01,0.00,false,459.16,214.77,4.09
REQ-10345,03/29/2026,Email,Scheduling,Appointment Change,Parent,Low,Closed,7.23,8.03,N,162.90,46.06,4.51
REQ-10638,Jan 14 2026,Walk-In,Data & Reporting,Dashboard Request,Small Business,Normal,Closed,2.35,6.43,0,1203.31,493.40,4.36
REQ-10385,2026-02-26,Web Form,Admin Operations,Vendor Record Update,Small Business,Normal,Closed,5.22,11.73,0,224.12,,4.29
REQ-10621,Jan 06 2026,Web Form,Client Success,Service Follow-Up,Internal Staff,High,Closed,-1.98,7.82,false,314.12,115.91, 4.4 
REQ-10160,2026-02-22,Walk-In,Data & Reporting,Dashboard Request,Student,High,Open,1.91,0.00,no,811.68, 372.0 , 4.4 
REQ-10468,Mar 29 2026,Email,Systems Operations,Intake Form Issue,Vendor,,New, 2.9 ,0.00,yes,560.67, 293.9 ,3.81
REQ-10441,Jan 06 2026,email,Billing,Invoice Correction,Student,Normal,In Progress,4.23,0.00,no,365.08,121.50,4.21
REQ-10046,2026-03-04,Referral,Scheduling,,Small Business,High,Closed,2.76,64.46,true,131.42,44.32,4.34
REQ-10474,Apr 05 2026,Web Form,Data & Reporting,Dashboard Request,Parent,High,Closed,2.13,3.93,N,, 348.5 ,4.40
REQ-10329,2026-04-11,Phone,Data & Reporting,Dashboard Request,Vendor,Urgent,Open,1.20,0.00,no,1105.71,361.23,4.24
REQ-10155,02/18/2026,Web Form,,Dashboard Request,Small Business,Urgent,closed,,2.86,no,714.52,197.42,4.67
REQ-10398,Apr 17 2026,Web Form,Billing,Billing Question,Parent,Normal,Closed,4.02,10.05,yes,273.77,137.62,
REQ-10347,2026-02-20,Email,IT Support,Account Setup,Internal Staff,High,Closed,2.84,,false,303.61,89.91,4.63
REQ-10270,2026-04-06,Email,Systems Operations,Automation Request,Internal Staff,Low,Open,7.44,0.00,N,1375.85,319.06,4.24
REQ-10020,02/10/2026, EMAIL ,Systems Operations,Intake Form Issue,Vendor,Low,In Progress,9.44,0.00,0,493.93,114.87,3.87
REQ-10414,2026-03-10,Email,Client Success,Service Follow-Up,Internal Staff,Urgent,Closed,1.40,2.20,0,234.11,80.20, 4.6 
REQ-10399,2026-01-30,Web Form,IT Support,Account Setup,Student,Normal,Closed,1.65,5.35,0,375.17,85.08, 4.7 
REQ-10351,04/24/2026,Email,IT Support,Account Setup,Small Business,Normal,open,14.16,0.00,false,322.23,132.77,3.86
REQ-10424,04/11/2026,web form,Billing,Billing Question,Vendor,Low,Closed,,27.34,no,230.79,57.93,4.25
REQ-10098,2026-04-16,Web Form,Admin Operations,Vendor Record Update,Small Business,Normal,Closed,3.03,19.97,no,191.43,59.91,4.48
REQ-10433,04/20/2026,Referral,Data & Reporting,Dashboard Request,Vendor,Normal,Closed,1.67,16.96,true,715.29,478.98,4.24
REQ-10161,Feb 05 2026,Email,Billing,Invoice Correction,Parent,Normal,Closed,1.91,24.09,N,289.54,133.09, 4.2 
REQ-10139,01/12/2026,Web Form,Billing,Billing Question,Small Business,Normal,open,2.79,0.00,false, 194.7 ,53.22,4.09
REQ-10013,2026-01-22,Phone,Client Success,Service Follow-Up,Parent,High,Closed,1.08,12.12,0,244.25,85.56,4.61
REQ-10033,2026-03-30,Phone,Client Success,Service Follow-Up,Student,Normal,Closed,,,false,281.82,67.08, 4.5 
REQ-10003,2026-04-02,Web Form,Billing,Billing Question,Parent,Low,In Progress,4.89,0.00,yes,210.70,111.67,3.90
REQ-10185,,Email,Billing,Billing Question,Internal Staff,Normal,Closed,11.07,34.32,yes,264.61,206.42,3.48
REQ-10056,01/20/2026,Referral,Billing,Billing Question,Parent,Normal,Closed, 4.6 ,7.54,false,169.91,82.96,4.42
REQ-10082,2026-02-05,Email,Billing,Billing Question,Vendor,Normal,Done,14.13,15.10,true,248.32,-130.72,3.70
REQ-10063,01/22/2026,Web Form,Data & Reporting,Dashboard Request,Small Business,Urgent,In Progress,2.02,0.00,no,1000.70,306.71,4.16
REQ-10231,Mar 09 2026,Email,Data & Reporting,Dashboard Request,Parent,Low,Open,8.86,,false,1108.96,293.33,4.03
REQ-10244,02/08/2026,Email,Data & Reporting,Data Export,Small Business,Normal,Open,14.55,0.00,false,546.19,242.62, 3.8 
REQ-10299,2026-02-23,web form,Systems Operations,Intake Form Issue,Parent,Normal,Complete,,24.11,no,310.65,108.87,4.33
REQ-10169,02/05/2026,web form,Admin Operations,Vendor Record Update,Small Business,Normal,Closed,2.62,15.09,no,141.91,63.76,4.46
REQ-10302,Mar 31 2026,Email,Data & Reporting,Data Export,Parent,Normal,In Progress, 7.4 ,0.00,no,694.64, 321.7 , 4.2 
REQ-10401,04/07/2026,Phone,Systems Operations,Intake Form Issue,Internal Staff,Low,In Progress,1.60,0.00,0,354.39,107.73,4.17
REQ-10293,2026-01-11,phone,IT Support,Account Setup,Parent,Normal,Closed,3.77,14.61,false,306.21, 91.7 ,4.48
REQ-10111,Jan 17 2026,Web Form,Data & Reporting,Dashboard Request,Small Business,Normal,Closed,5.26, 6.1 ,false,847.06,217.83,4.32
REQ-10152,2026-02-02,Phone,Admin Operations,Vendor Record Update,Student,High,Done,5.58,12.63,N,185.82,86.22,-4.49
REQ-10516,01/26/2026,Web Form,Billing,Billing Question,Small Business,Normal,Closed,2.91,16.31,0,208.04,50.06,4.24
REQ-10148,2026-02-16,Email,Systems Operations,Automation Request,Student,Normal,Closed,2.95,15.69,N,1032.76,315.31,4.29
REQ-10590,03/26/2026,Phone,Data & Reporting,Data Export,Internal Staff,High,Closed,1.52,9.37,no,421.89,112.58,4.50
REQ-10395,Feb 11 2026,web form,Admin Operations,Vendor Record Update,Vendor,Normal,In Progress,2.03,0.00,false,251.03,130.24,
REQ-10140,02/09/2026,Email,Data & Reporting,Data Export,Student,Normal,Closed,,11.54,no,-588.3,211.12,4.17
REQ-10476,,Referral,Data & Reporting,Data Export,Small Business,Normal,Closed,4.28,14.76,0,512.96, 219.1 ,4.38
REQ-10569,2026-01-29,Email,Data & Reporting,Dashboard Request,Small Business,Normal,Closed,2.90,23.17,Y,722.34,246.52,3.88
REQ-10040,03/11/2026,Email,Systems Operations,Intake Form Issue,Small Business,Normal,In Progress,4.67,0.00,1,382.59,255.57,3.71
REQ-10335,Jan 15 2026,Email,Systems Operations,Automation Request,Small Business,Normal,New,3.90,,N,1605.51,449.00,4.08
REQ-10078,Mar 26 2026,Web Form,Client Success,Service Follow-Up,Parent,Normal,Closed,,4.50,yes,352.75,112.12,4.06
REQ-10047,2026-03-25,Email,Admin Operations,Vendor Record Update,Parent,Normal,Closed,,84.28,no,146.05,47.14, 4.3 
REQ-10543,01/15/2026,Referral,Billing,Billing Question,,Normal,Closed,1.45,127.36,no, 289.2 , 129.7 ,-4.27
REQ-10285,Feb 12 2026,Email,Client Success,Service Follow-Up,Vendor,Normal,Closed,5.47,6.66,no,343.64,169.79,4.47
REQ-10165,Apr 12 2026, PHONE ,,Account Setup,Small Business,High,In Progress,1.38,0.00,no,270.54,107.96,4.46
REQ-10586,Mar 01 2026,Phone,IT Support,Account Setup,Vendor,Normal,Closed,3.20,8.47,yes,440.33,215.63, 4.3 
REQ-10244,02/08/2026,Email,Data & Reporting,Data Export,Small Business,Normal,Closed,14.55,,false,546.19,242.62, 3.8 
REQ-10435,Apr 01 2026,Web Form,Client Success,Service Follow-Up,Small Business,Normal,Closed,5.12,11.44,false,268.28, 91.1 ,4.51
REQ-10105,Apr 03 2026,Email,Data & Reporting,Dashboard Request,Internal Staff,Normal,Closed,2.41,46.29,0,1055.62,386.22,-4.09
REQ-10439,Mar 11 2026,Web Form,Client Success,Service Follow-Up,Small Business,Normal,Closed,3.80,13.95,no,214.15,110.22,
REQ-10258,Apr 21 2026,Walk in,Billing,Billing Question,Parent,Normal,Open,1.32,0.00,N,166.90,71.28,4.19
REQ-10110,04/03/2026,Phone,Scheduling,Appointment Change,Parent,Normal,Open,1.39,0.00,false,161.62,68.30,4.37
REQ-10573,Mar 28 2026,Phone,Billing,Invoice Correction,Internal Staff,Normal,,1.47,16.67,0,329.48,82.98,4.42
REQ-10355,Apr 20 2026,Email,Data & Reporting,Dashboard Request,Small Business,Low,,8.47,0.00,no,1171.32,459.60,4.15
REQ-10214,Mar 28 2026,Phone,Client Success,Service Follow-Up,Small Business,Normal,Closed,1.59,5.72,N,316.43,133.91,4.52
REQ-10421,Mar 11 2026,Email,Billing,Billing Question,Parent,Normal,Open,7.75,0.00,N,192.54,48.41,4.19
REQ-10618,01/09/2026,Web Form,Systems Operations,Intake Form Issue,Vendor,Low,Open,4.97,0.00,no,496.24,160.65,4.08
REQ-10608,02/12/2026,Web Form,Client Success,Service Follow-Up,Small Business,Normal,Closed,1.96,8.06,no, 223.3 ,88.12,4.49
REQ-10202,Feb 08 2026,Web Form,IT Support,Account Setup,Internal Staff,Normal,In Progress,1.96,0.00,0,420.38,161.63,4.37
REQ-10000,Jan 12 2026,,Scheduling,Appointment Change,Parent,Normal,Working,3.38,0.00,false,143.52,66.99,4.30
REQ-10463,Feb 23 2026,email,Admin Operations,Vendor Record Update,Small Business,Normal,Done,5.16,27.69,N,226.41,106.13, 4.3 
REQ-10132,03/07/2026,Email,Scheduling,Appointment Change,Small Business,Normal,Closed,2.37, 5.0 ,false,125.21,38.08, 4.4 
REQ-10457,,Email,IT Support,Account Setup,Small Business,Low,In Progress, 1.8 ,0.00,0,402.86,218.31,4.33
REQ-10526,Apr 02 2026,Web Form,Scheduling,Appointment Change,Small Business,Low,In Progress,4.59,0.00,no,136.71,70.48, 4.3 
REQ-10467,03/24/2026,Referral,Billing,Invoice Correction,Small Business,Normal,Closed,,19.59,false,,157.55,4.18
REQ-10261,02/14/2026,Referral,Billing,Billing Question,Student,High,Closed,1.90,13.80,false,266.03,142.13, 4.3 
REQ-10143,2026-04-12,,Scheduling,Appointment Change,,Low,,6.53,0.00,N,125.19,32.73,4.19
REQ-10361,2026-02-18,In Person,Systems Operations,Intake Form Issue,Internal Staff,Urgent,Open,1.05,0.00,0,421.77,111.85,4.09
REQ-10492,04/10/2026,Web Form,Data & Reporting,,Parent,Normal,Closed,1.39, 38.7 ,false,430.86, 105.2 ,4.25
REQ-10353,2026-01-20,E-mail,Systems Operations,Intake Form Issue,Small Business,Low,Working, 7.4 ,0.00,N,503.01,276.35,4.17
REQ-10562,01/09/2026,Email,Scheduling,Appointment Change,Student,Low,Closed, 4.2 ,15.03,N,225.08,107.77,4.38
REQ-10342,03/10/2026,Web Form,Systems Operations,Intake Form Issue,Parent,Normal,Closed,3.07,19.91,false,317.74,75.85,4.49
REQ-10519,01/29/2026,Phone,Scheduling,Appointment Change,Parent,Normal,Open,2.73,0.00,0,192.19,100.52,4.29
REQ-10416,2026-02-07,WEB,Admin Operations,Vendor Record Update,Vendor,Normal,Closed,1.50,10.68,false,206.94,103.19,4.49
REQ-10248,Apr 09 2026,In Person,Billing,Invoice Correction,Parent,Normal,Closed,2.97,,N,,61.25,-4.23
REQ-10536,Mar 08 2026,E-mail,IT Support,Account Setup,Small Business,Normal,Closed,2.68,10.63,false,435.59,153.49,4.56
REQ-10266,Apr 23 2026,Web Form,Data & Reporting,,Student,Normal,Closed,1.47,14.10,false,626.56,168.75,4.61
REQ-10402,02/27/2026,Phone,,Invoice Correction,Internal Staff,Normal,open,3.20,0.00,0,286.10,134.04,
REQ-10596,,Email,Systems Operations,Intake Form Issue,Small Business,High,Done,1.43,8.40,no,533.48, 183.3 ,4.51
REQ-10374,,Email,Admin Operations,Vendor Record Update,Small Business,Low,Closed,4.94,12.31,0, 135.9 ,38.61, 4.5 
REQ-10161,Feb 05 2026,Email,Billing,Invoice Correction,Parent,Normal,Done,1.91,96.78,N,289.54,133.09, 4.2 
REQ-10037,Mar 22 2026,E-mail,IT Support,Account Setup,Small Business,Normal,In Progress,3.65,0.00,false, 390.6 ,152.53,4.08
REQ-10097,Mar 01 2026,Email,Systems Operations,Intake Form Issue,,Normal,In Progress,1.95,0.00,false,387.01,116.21,
REQ-10081,02/01/2026,Email,Scheduling,Appointment Change,Parent,Normal,In Progress,-13.14,0.00,N,117.94,54.49,3.99
REQ-10504,2026-01-14, EMAIL ,,Automation Request,Small Business,Low,Closed,4.16,,no,1130.85,531.55, 4.3 
REQ-10319,Mar 08 2026,Phone,Data & Reporting,,Small Business,Normal,In Progress,1.16,0.00,no,628.78,307.92,
REQ-10452,01/10/2026,Email,Systems Operations,Intake Form Issue,Internal Staff,Low,Closed, 5.0 ,48.42,0,459.58,144.63,3.94
REQ-10466,Jan 10 2026,Email,Systems Operations,Intake Form Issue,Student,Low,Closed,11.13,11.93,0,323.97,175.93,4.27
REQ-10611,Feb 23 2026,Walk-In,Admin Operations,Vendor Record Update,Small Business,Normal,Complete,2.09,10.73,false, 168.4 ,52.19,4.48
REQ-10323,2026-03-30,Phone,Billing,Invoice Correction,Small Business,Normal,Closed,2.98,14.19,0,306.78,147.45,4.58
REQ-10546,02/14/2026,E-mail,IT Support,Account Setup,Parent,Normal,In Progress,6.26,0.00,0,451.91, 202.5 ,4.21
REQ-10095,03/14/2026,Walk-In,IT Support,Account Setup,Student,High,Closed,,12.00,0,355.95,179.62,4.61
REQ-10613,2026-02-16,Web Form,IT Support,Account Setup,Student,Low,In Progress,4.57,0.00,false,,153.86,4.19
REQ-10623,2026-03-12,Email,Data & Reporting,Data Export,Parent,Normal,Closed,2.61,10.87,0,598.06,184.08,4.46
REQ-10050,03/23/2026,referral,Client Success,Service Follow-Up,Small Business,Normal,Closed,,,false,243.09,83.42,4.54
REQ-10085,Feb 04 2026,Email,Scheduling,Appointment Change,Parent,Normal,Closed,, 6.8 ,N,212.63,58.50,4.60
REQ-10409,Feb 23 2026,Referral,Scheduling,Appointment Change,Internal Staff,Normal,Closed,3.03,7.58,N,150.00,73.02, 4.6 
REQ-10620,2026-03-19,E-mail,Data & Reporting,Data Export,Student,Normal,Closed,6.37,7.17,0,508.30,132.46,4.43
REQ-10381,Mar 03 2026,Web Form,Systems Operations,Intake Form Issue,Parent,High,Closed,0.95,9.22,N,364.99,,4.39
REQ-10557,Feb 17 2026,Web Form,Billing,Billing Question,Internal Staff,Normal,Open, 4.1 ,0.00,false,151.67,,4.26
REQ-10211,2026-04-24,Email,Systems Operations,Intake Form Issue,Parent,Normal,Closed,2.49,14.44,yes,467.81,,4.01
REQ-10489,2026-01-14,Email,Client Success,Service Follow-Up,Small Business,Urgent,Open,1.32,0.00,N,245.34,75.49,
REQ-10172,01/29/2026,Web Form,,Dashboard Request,Internal Staff,High,In Progress,3.40,0.00,false,-1200.36,423.06,4.32
REQ-10019,03/13/2026,email,Client Success,Service Follow-Up,Vendor,Normal,Closed,1.41,8.27,N,219.99,119.14,4.60
REQ-10362,Jan 11 2026,Email,,Invoice Correction,Vendor,High,Closed,2.98,,no,-270.85,112.41,4.15
REQ-10312,02/18/2026,Web Form,IT Support,,Parent,Normal,closed,2.38,7.70,false,421.16,,4.57
REQ-10300,2026-04-04,Referral,Billing,Billing Question,Internal Staff,Low,Closed,7.99, 17.3 ,false,,49.46, 4.1 
REQ-10451,Mar 11 2026,Web Form,Admin Operations,Vendor Record Update,Internal Staff,Normal,Closed,2.86,12.13,no,251.37,130.73,4.43
REQ-10507,2026-04-11,Email,Systems Operations,Intake Form Issue,Parent,Urgent,Done,1.40,7.92,no,349.68, 162.5 ,4.70
REQ-10334,2026-03-29,Web Form,Client Success,Service Follow-Up,Vendor,Low,Complete,6.74,7.54,no,,127.80,4.42
REQ-10339,2026-04-07, EMAIL ,Data & Reporting,Dashboard Request,Parent,Normal,Closed,2.09,9.30,false,1227.77,588.84, 4.5 
REQ-10566,Mar 08 2026,Email,Client Success,Service Follow-Up,Small Business,Urgent,Closed,0.59,-3.44,false,293.16,135.58,4.68
REQ-10073,2026-01-08,In Person,Admin Operations,Vendor Record Update,,Low,Closed,3.25,19.99,false, 245.5 ,,4.27
REQ-10147,04/02/2026,Web Form,Systems Operations,Intake Form Issue,Vendor,Low,,1.78,24.99,1,405.71,321.85,4.17
REQ-10469,01/21/2026,Walk-In,Billing,Invoice Correction,Student,High,Closed,1.56,,false,206.43,63.27,4.43
REQ-10175,01/21/2026,Phone,,Billing Question,Vendor,Normal,In Progress,1.31,0.00,0,151.34,45.18,4.19
REQ-10130,Mar 14 2026,Email,Systems Operations,Automation Request,Vendor,High,Open,2.10,0.00,false,1525.07,601.78,4.30
REQ-10064,02/13/2026,Web Form,Data & Reporting,Dashboard Request,Parent,Normal,Closed,2.27,17.35,false,849.68,395.56,
REQ-10236,Feb 22 2026,Email,Systems Operations,Intake Form Issue,Student,,In Progress,7.73,0.00,1,301.93,170.24,3.72
REQ-10537,2026-03-01,Phone,IT Support,Account Setup,Vendor,Normal,Open,1.59,,N,238.30,59.23,4.20
REQ-10552,2026-01-06,Phone,Data & Reporting,Data Export,Vendor,Low,Done, 2.7 ,57.87,0,380.30,172.84, 4.1 
REQ-10629,2026-02-11,Email,Admin Operations,Vendor Record Update,Parent,Normal,Closed,4.17,10.89,no,132.04,31.46,4.45
REQ-10443,Mar 17 2026,Email,Data & Reporting,Dashboard Request,Internal Staff,Low,Open, 12.3 ,0.00,N,942.03,414.01,4.04
REQ-10520,2026-04-02,Email,Systems Operations,Intake Form Issue,Parent,Normal,Closed,2.23,14.71,0, 517.4 ,,4.37
REQ-10032,2026-04-06,Email,Billing,Invoice Correction,Small Business,Low,Closed,8.30,,0,330.23,88.55,4.31
REQ-10276,Apr 11 2026,Walk-In,IT Support,Account Setup,Student,Normal,Closed,,15.84,false,273.05,78.24,4.48
REQ-10511,2026-02-27,Web Form,Systems Operations,Intake Form Issue,Student,Low,Closed,4.05,32.84,1,480.65,295.24,3.70
REQ-10610,2026-03-16,Phone,Billing,Billing Question,Student,Normal,Closed,1.84,37.90,no,174.57,,4.30
REQ-10093,04/07/2026,Email,Scheduling,Appointment Change,Student,Normal,Open,,0.00,0,165.47,84.12,4.43
REQ-10090,2026-01-19,Email,IT Support,Account Setup,Parent,Normal,Closed,4.10,14.60,false,362.20,161.55,4.51
REQ-10615,2026-01-23,Web Form,Systems Operations,Automation Request,Vendor,Normal,,1.67,0.00,N,1098.00, 361.5 ,-4.41
REQ-10354,2026-04-14,Walk-In,Scheduling,Appointment Change,Internal Staff,Low,Closed,,54.04,no, 219.2 ,113.78,4.01
REQ-10603,02/21/2026,Web Form,Admin Operations,Vendor Record Update,Student,High,Closed, 2.1 ,18.26,true, 196.4 ,112.85,4.11
REQ-10280,Feb 15 2026,Web Form,Client Success,Service Follow-Up,Student,High,Closed,3.89,28.28,Y,264.61,97.15,
REQ-10436,Feb 18 2026,Web Form,Data & Reporting,Dashboard Request,Small Business,Normal,Complete,3.94,23.78,N,788.10,341.34,
REQ-10087,Mar 20 2026,Referral,Client Success,Service Follow-Up,Parent,Normal,Closed, 2.0 ,16.68,false,243.63,125.42,4.27
REQ-10567,Jan 08 2026,Web Form,Systems Operations,Automation Request,Student,Normal,Closed,2.44, 18.0 ,0,1061.52, 557.1 ,4.22
REQ-10036,2026-04-10,Walk-In,Systems Operations,,Student,Normal,In Progress, 2.0 ,0.00,no,314.68,,4.18
REQ-10591,2026-01-18, EMAIL ,Data & Reporting,Dashboard Request,Parent,Normal,Open,3.29,,false,1138.42,496.11,
REQ-10108,03/20/2026,Web Form,Client Success,Service Follow-Up,Small Business,High,Closed,1.80,4.16,0,330.82,155.55,4.74
REQ-10100,02/02/2026,Walk-In,Client Success,Service Follow-Up,Vendor,Normal,Closed,4.21,5.01,0, 302.2 ,89.38,4.36
REQ-10612,Apr 13 2026,Phone,Billing,Billing Question,Student,Normal,Closed,2.62,92.74,Y,301.91, 191.2 ,3.95
REQ-10002,2026-01-07,Email,Billing,Billing Question,Student,Low,Closed,, 6.7 ,false,247.36,113.21,4.20
REQ-10016,Mar 19 2026,Phone,Client Success,Service Follow-Up,Vendor,High,Closed,,3.63,N,,71.78,4.64
REQ-10478,2026-04-11,Phone,,Service Follow-Up,Small Business,Normal,Closed,1.59,34.49,no,304.65,136.34,4.42
REQ-10550,Apr 18 2026,Walk-In,Data & Reporting,Dashboard Request,Student,Normal,Closed, 5.2 ,10.99,false, 797.0 , 223.8 ,4.18
REQ-10183,04/01/2026,Email,Admin Operations,Vendor Record Update,Parent,Normal,Closed,1.16,19.37,0,230.47,115.23,4.38
REQ-10229,Jan 20 2026,Web Form,Data & Reporting,Data Export,Vendor,High,Open,1.77,0.00,N,489.75,158.51,4.32
REQ-10053,2026-01-05,Web Form,IT Support,Account Setup,Internal Staff,Normal,Closed,1.07,6.41,false,386.82,,4.59
REQ-10413,Jan 22 2026,Web Form,IT Support,Account Setup,Small Business,Normal,New,2.65,0.00,1,240.35,174.96,3.84
REQ-10047,2026-03-25,Email,Admin Operations,Vendor Record Update,Parent,Normal,closed,,10.03,no,146.05,47.14, 4.3 
REQ-10012,03/03/2026,Email,Billing,Invoice Correction,Student,Normal,Closed,4.16,16.19,0,329.54, 130.2 ,4.45
REQ-10502,Apr 10 2026,Web Form,Systems Operations,Automation Request,Parent,Urgent,In Progress,1.20,0.00,no,1108.70,364.95,4.45
REQ-10528,03/27/2026,Email,Scheduling,Appointment Change,Parent,Normal,Closed,1.48,22.30,no,213.32,78.14,4.25
REQ-10369,2026-03-02,Email,Billing,Billing Question,Internal Staff,Normal,Pending,2.78,,false,208.76,87.99, 4.3 
REQ-10344,03/09/2026,Phone,Data & Reporting,Data Export,Vendor,Normal,Open, 3.6 ,0.00,0,650.20,292.78,4.16
REQ-10427,01/25/2026,Web Form,Data & Reporting,Data Export,Small Business,High,Closed,1.55,5.77,0,-627.18,246.64,4.57
REQ-10473,Jan 20 2026,Phone,,Service Follow-Up,Student,Normal,Closed,4.28,7.08,0,351.40,160.82,4.50
REQ-10592,Jan 13 2026,Email,Data & Reporting,Data Export,Internal Staff,Normal,Closed,5.68,13.35,0,,180.34,4.50
REQ-10378,Apr 05 2026,Web Form,Data & Reporting,Data Export,Vendor,Normal,Closed,3.40,10.45,yes,497.87,361.44,4.11
REQ-10286,2026-02-06,Email,Systems Operations,Automation Request,Vendor,High,Open,3.10,0.00,0,,505.90,4.37
REQ-10187,03/25/2026,phone,Data & Reporting,Data Export,Vendor,,Closed,1.28,,true,375.97,206.46,4.01
REQ-10133,2026-01-22,web form,Data & Reporting,Data Export,Student,Normal,Closed,3.90,10.13,true,551.75,436.35,4.13
REQ-10420,Jan 22 2026,,Admin Operations,Vendor Record Update,Parent,Normal,Closed,7.37,8.80,N,204.66,50.27,4.14
REQ-10358,Jan 16 2026,Email,Billing,,Parent,Normal,,4.47,25.30,false,210.81,65.03, 4.3 
REQ-10527,2026-01-26,Email,IT Support,Account Setup,Small Business,High,In Progress,0.64,0.00,false,387.58,,4.25
REQ-10471,Apr 08 2026,Web Form,Admin Operations,Vendor Record Update,Vendor,Normal,In Progress,3.08,,N,155.59,52.83,4.23
REQ-10560,04/19/2026,Email,Billing,Invoice Correction,Small Business,High,Closed,7.22,,false,295.49,90.23, 4.4 
REQ-10162,Feb 25 2026,Phone,Scheduling,Appointment Change,Vendor,Normal,Closed,2.96,4.06,false,219.78,112.50,
REQ-10272,2026-01-08,Web Form,Client Success,Service Follow-Up,Vendor,Normal,Closed,3.30,8.15,N,370.06,,4.66
REQ-10083,2026-03-25,Phone,Billing,Billing Question,Vendor,Low,Closed,5.17,15.09,Y,302.78,215.31,4.04
REQ-10321,02/22/2026,In Person,Data & Reporting,Data Export,Internal Staff,Low,Done,3.07,22.50,N,410.90,196.54,4.17
REQ-10639,Feb 28 2026,Walk-In,Scheduling,Appointment Change,Vendor,Low,Open,3.65, 0.0 ,no,202.31,110.59,4.15
REQ-10192,2026-04-01,Web Form,Data & Reporting,Data Export,Small Business,High,In Progress,3.55,0.00,yes,, 245.8 ,3.66
REQ-10373,2026-03-19,Referral,Client Success,Service Follow-Up,Parent,Normal,In Progress,5.08,,0,,131.54,4.14
REQ-10265,Feb 04 2026,Email,Client Success,,Vendor,Normal,Closed,2.48,7.60,false,364.13,90.34,4.65
REQ-10131,Jan 10 2026,Email,Billing,Invoice Correction,Internal Staff,Normal,Closed,3.76,73.13,N, 342.7 ,168.80,3.55
REQ-10196,2026-02-11, EMAIL ,Admin Operations,Vendor Record Update,Internal Staff,Normal,Closed,-7.08,26.82,0,228.44,58.04,4.14
REQ-10490,2026-03-27,Referral,Admin Operations,Vendor Record Update,Parent,Normal,In Progress,2.68,0.00,no,251.99,86.87,4.16
REQ-10005,2026-02-08,Referral,Systems Operations,Intake Form Issue,Parent,High,Closed,4.72,19.59,false,381.16,-135.75,4.45
REQ-10065,02/08/2026,Phone,Systems Operations,Intake Form Issue,Vendor,High,Closed,0.45,11.69,no,503.13,250.74,4.49
REQ-10217,2026-01-27,web form,Client Success,Service Follow-Up,,High,In Progress,2.52,0.00,N,327.87,131.93,4.29
REQ-10306,Jan 16 2026,Walk-In,Client Success,Service Follow-Up,Parent,,In Progress,1.56,0.00,no,297.21,116.05,
REQ-10289,02/24/2026,Walk-In,Client Success,Service Follow-Up,Student,Normal,In Progress,7.40,0.00,N,372.10,151.27,4.17
REQ-10137,03/31/2026,Referral,Billing,Invoice Correction,Student,Normal,Closed,1.84, 9.4 ,false,311.78, 108.4 ,4.59
REQ-10594,2026-02-05,Web Form,Systems Operations,Automation Request,Parent,,Closed,1.14,5.20,false,1642.19,405.08,4.48
REQ-10283,2026-03-03,Referral,Client Success,Service Follow-Up,Internal Staff,High,Closed,3.55,4.72,no,319.92,121.21,4.68
REQ-10011,02/10/2026,,Data & Reporting,Data Export,Student,Low,Closed,3.85,21.23,Y,445.76,213.89,3.99
REQ-10116,Jan 11 2026,Email,Client Success,Service Follow-Up,Internal Staff,Low,Closed,5.97,17.00,false,276.12,72.82,4.48
REQ-10267,01/23/2026,Email,Data & Reporting,Data Export,Internal Staff,High,Closed,2.82,9.32,false,395.28,147.67,4.34
REQ-10041,01/16/2026,Email,Systems Operations,Intake Form Issue,Vendor,Low,closed,3.01,34.01,0,314.69,108.88,4.30
REQ-10324,Mar 08 2026,Web Form,Admin Operations,Vendor Record Update,Student,Normal,Done,2.57,25.69,0,171.65,62.05,4.47
REQ-10330,Mar 06 2026,Email,Billing,Invoice Correction,Internal Staff,Normal,Closed,7.47,13.05,false,359.59,174.54,4.13
REQ-10523,03/04/2026,Web Form,Systems Operations,Intake Form Issue,Parent,Urgent,Closed,0.40,11.69,no,426.87,195.17,4.63
REQ-10084,Mar 05 2026,Phone,Data & Reporting,Dashboard Request,Parent,Normal,Open,2.17,0.00,false, 1009.9 ,405.27,4.16
REQ-10042,01/28/2026,Phone,Admin Operations,Vendor Record Update,Internal Staff,Normal,Working,2.37,0.00,no,,72.60, 4.1 
REQ-10109,2026-02-28,Web Form,Data & Reporting,Data Export,Parent,High,Open,6.62,0.00,false,523.77,,4.26
REQ-10506,02/03/2026,Online Form,Scheduling,Appointment Change,Internal Staff,Low,Closed,1.75,9.62,0,172.57,87.26,
REQ-10043,01/05/2026,Email,Billing,Invoice Correction,Student,Low,Closed,3.84,11.96,false,383.17,104.02,4.56
REQ-10607,03/24/2026,Email,Billing,Invoice Correction,Vendor,Normal,Closed,7.98,8.78,N, 230.0 ,56.20,4.35
REQ-10107,Apr 01 2026,Email,Systems Operations,Intake Form Issue,Internal Staff,Low,In Progress,5.80,0.00,true,555.80,361.91,3.78
REQ-10313,Feb 24 2026,Email,Data & Reporting,Dashboard Request,Vendor,Normal,Done,6.80,27.42,false,,282.40,4.07
REQ-10612,Apr 13 2026,Phone,Billing,Billing Question,Student,Normal,Closed,2.62,14.87,Y,301.91, 191.2 ,3.95
REQ-10429,Apr 10 2026,Walk-In,Systems Operations,Automation Request,Parent,Normal,Closed,3.82,-33.62,no,886.23, 281.9 , 4.1 
REQ-10308,Jan 27 2026,Web Form,Billing,Billing Question,,Normal,Closed,3.55,16.44,false,295.36,140.60,4.22
REQ-10454,Jan 31 2026,Web Form,Scheduling,Appointment Change,Student,Low,Closed,2.42, 8.9 ,N,122.98,30.06,4.68
REQ-10456,Apr 20 2026,Email,Client Success,Service Follow-Up,Internal Staff,Normal,Working,,0.00,no,308.74,126.44,4.04
REQ-10322,Mar 24 2026,Phone,Admin Operations,Vendor Record Update,Small Business,High,, 0.5 ,7.18,N,223.30, 121.0 ,4.66
REQ-10039,04/17/2026,referral,Admin Operations,Vendor Record Update,Student,Normal,In Progress,4.10,0.00,0,165.25,78.62,4.26
REQ-10442,2026-01-18,Online Form,Admin Operations,Vendor Record Update,Student,Normal,Closed,2.16, 11.2 ,false,237.74,91.45,4.66
REQ-10393,Feb 25 2026,Phone,Client Success,Service Follow-Up,Vendor,Normal,Closed,,3.52,Y,205.86,89.49,
REQ-10482,Feb 17 2026, PHONE ,Billing,Billing Question,Internal Staff,Urgent,Closed,0.97,2.14,false,204.58,93.56,4.75
REQ-10057,Feb 24 2026,Email,Systems Operations,Automation Request,Parent,Low,Open,3.70, 0.0 ,0,1635.64,,4.17
REQ-10628,2026-02-25,Phone,Client Success,Service Follow-Up,Parent,Urgent,closed,-0.79,5.75,true,334.64,241.50,4.36
REQ-10404,01/21/2026,Web Form,Billing,Invoice Correction,Small Business,High,In Progress,1.20,0.00,0,257.72,102.26,4.18
REQ-10437,Apr 14 2026,Referral,Data & Reporting,Dashboard Request,,Low,In Progress,3.46,0.00,N,,322.34,4.11
REQ-10497,Feb 13 2026,Phone,Admin Operations,Vendor Record Update,Parent,Normal,Closed,,4.20,false,205.64,108.62,4.72
REQ-10410,Apr 15 2026,Web Form,Systems Operations,Automation Request,Vendor,Low,Closed,, 27.7 ,false,,438.23, 4.1 
REQ-10495,2026-01-25,Email,Systems Operations,Intake Form Issue,Parent,Low,Done,4.10,38.47,N,533.53,272.77,4.00
REQ-10290,2026-01-24,Web Form,Billing,Billing Question,Parent,Normal,In Progress,2.22,0.00,0,166.31,90.38,4.26
REQ-10512,2026-02-14,Web Form,Billing,Invoice Correction,Vendor,Normal,Closed,2.27,7.66,no,303.41,130.40,4.51
REQ-10050,03/23/2026,referral,Client Success,Service Follow-Up,Small Business,Normal,Closed,,,false,243.09,83.42,4.54
REQ-10587,2026-04-05,Web Form,Data & Reporting,Dashboard Request,Student,Normal,Open,-3.64,0.00,no,777.02,340.22,4.15
REQ-10577,2026-01-15,Email,Admin Operations,Vendor Record Update,Small Business,Normal,Closed,3.56,9.04,N,257.44,109.29,4.46
REQ-10508,Jan 20 2026,Phone,Scheduling,Appointment Change,Student,High,Open,1.28,,0,199.67,72.68,4.15
REQ-10077,Apr 14 2026,Online Form,Admin Operations,Vendor Record Update,Student,Urgent,Closed,1.40,3.03,no,192.56,105.27,
REQ-10327,Mar 16 2026,Web Form,Billing,Invoice Correction,Small Business,Normal,Closed,2.64,,no,205.80,88.21,4.55
REQ-10525,Jan 30 2026,Referral,Data & Reporting,Dashboard Request,Internal Staff,Normal,Closed,4.68,5.48,no,1231.95,414.80,4.45
REQ-10318,02/09/2026,,Scheduling,Appointment Change,Internal Staff,Normal,In Progress,4.21,0.00,no,161.54,82.21,4.28
REQ-10635,04/14/2026,Referral,Scheduling,Appointment Change,Internal Staff,Normal,Closed,4.17, 11.3 ,true,187.05,85.48,4.11
REQ-10237,Jan 17 2026,Web Form,Client Success,Service Follow-Up,Vendor,High,Open,1.13,0.00,N,210.00,78.27,4.45
REQ-10483,Mar 14 2026,Email,Client Success,Service Follow-Up,Small Business,High,Closed,5.84,6.64,N,273.09,,4.28
REQ-10200,01/18/2026,Email,Systems Operations,Intake Form Issue,Student,Normal,Closed,2.87,,no,,84.87,4.36
REQ-10453,03/28/2026,Phone,Data & Reporting,Dashboard Request,Vendor,Low,Closed,2.63,13.94,no,811.02,280.86,4.51
REQ-10079,04/15/2026,Email,Billing,Invoice Correction,Internal Staff,High,Closed,2.14,25.34,false,339.04,110.04,4.42
REQ-10377,Jan 21 2026,Walk-In,Billing,Billing Question,Internal Staff,High,In Progress,2.17,0.00,0,285.76,140.50,4.29
REQ-10394,01/15/2026,Phone,Billing,Billing Question,Parent,High,Working, 1.8 ,0.00,false,164.96,88.05,4.17
REQ-10068,Mar 06 2026,Phone,Systems Operations,Intake Form Issue,Parent,Low,Closed,2.50,6.40,no,509.76,200.13,4.50
REQ-10238,Mar 28 2026,Web Form,Billing,Billing Question,Small Business,High,Closed,2.24,14.93,false,300.03,91.28, 4.5 
REQ-10282,2026-02-11,Email,Systems Operations,Intake Form Issue,Vendor,Normal,Closed,7.08,8.21,Y,299.91,212.62,3.95
REQ-10458,Mar 03 2026,Web Form,Data & Reporting,Data Export,Small Business,Urgent,In Progress,2.10,0.00,0,360.43,106.92,4.42
REQ-10465,Mar 23 2026,Email,Client Success,Service Follow-Up,Vendor,Normal,Closed, 2.8 , 6.8 ,false,268.01,,4.53
REQ-10070,2026-03-09,Web Form,,Appointment Change,Internal Staff,High,In Progress,1.54,0.00,0,154.24,73.00,4.11
REQ-10407,2026-01-19,Phone,Data & Reporting,Data Export,Parent,Normal,Closed,3.88, 13.1 ,yes,560.88,287.90,4.12
REQ-10022,Jan 24 2026,Phone,Scheduling,Appointment Change,Internal Staff,Normal,Working,3.84,0.00,N,180.45,,4.10
REQ-10007,Feb 27 2026,WEB,Scheduling,Appointment Change,Small Business,High,Complete,1.14,11.68,0,147.94,55.57,4.45
REQ-10475,02/27/2026,Email,Billing,Invoice Correction,Small Business,Normal,Closed, 2.3 ,13.27,no,358.49,91.82, 4.5 
REQ-10392,01/10/2026,Phone,Client Success,Service Follow-Up,Vendor,High,Complete,4.05,,no,368.39,-150.08,4.31
REQ-10333,Feb 13 2026,Email,Systems Operations,Intake Form Issue,Parent,,Closed,,7.46,yes,-521.16,278.30,3.88
REQ-10243,Jan 21 2026,In Person,Systems Operations,Intake Form Issue,Internal Staff,Normal,Closed,3.68,6.85,true,446.02,,4.10
REQ-10191,2026-04-21,Web Form,Systems Operations,Intake Form Issue,Vendor,,In Progress, 2.8 ,0.00,no,411.09,198.91,4.09
REQ-10389,2026-01-06,Phone,Scheduling,Appointment Change,Student,High,Closed,1.81,11.73,N,143.16,, 4.3 
REQ-10045,Mar 30 2026, EMAIL ,Data & Reporting,,Internal Staff,Normal,Closed,3.60,-39.87,Y,1063.72,628.62, 3.9 
REQ-10307,2026-03-22,Walk-In,Admin Operations,,Vendor,Normal,Closed,2.22, 136.1 ,no,170.45,59.15,4.34
REQ-10498,2026-02-20,Email,Data & Reporting,Dashboard Request,Parent,Normal,Closed,2.32,6.68,yes,779.07,408.53,3.99
REQ-10088,2026-02-27, EMAIL ,Billing,Invoice Correction,Parent,Normal,Complete,4.01,15.46,false,,114.39,4.23
REQ-10544,02/28/2026,Email,Scheduling,Appointment Change,Small Business,Normal,Closed,3.51,16.47,false,183.74,46.24,4.18
REQ-10551,2026-04-05,Web Form,Client Success,Service Follow-Up,Vendor,High,Closed,1.12,,N,,77.54,4.39
REQ-10341,2026-02-02,Web Form,Systems Operations,Automation Request,Vendor,Low,Closed,7.06,91.24,N,,548.42,3.26
REQ-10203,,Web Form,Billing,Invoice Correction,Small Business,High,in progress,1.73,0.00,false,,88.94,4.17
REQ-10593,03/15/2026,Email,Admin Operations,Vendor Record Update,Internal Staff,Normal,Closed, 7.8 ,52.72,no,192.65,,3.87
REQ-10352,2026-04-07,Walk-In,Scheduling,Appointment Change,Internal Staff,Low,Open,4.11,0.00,N,129.54,51.37,4.03
REQ-10412,Feb 26 2026,Walk-In,Data & Reporting,Dashboard Request,Small Business,Urgent,In Progress,1.18,0.00,0,1110.51,603.60,
REQ-10524,Mar 26 2026,Email,IT Support,Account Setup,Vendor,Low,Closed,5.39,12.46,N,363.95, 194.5 ,4.54
REQ-10579,02/01/2026,Email,Client Success,Service Follow-Up,Vendor,High,Open,3.40,0.00,N,254.91,79.25,4.16
REQ-10269,2026-02-25,,Systems Operations,Automation Request,Parent,Low,Closed,3.45,15.23,N,1545.58,720.03,4.25
REQ-10245,02/01/2026,E-mail,IT Support,Account Setup,Internal Staff,Normal,Closed,3.71,,no,367.68,201.51,4.40
REQ-10309,03/22/2026,Walk-In,Client Success,Service Follow-Up,Parent,Normal,New,3.09,0.00,N,219.52,105.59,4.05
REQ-10434,Jan 08 2026,Web Form,Scheduling,Appointment Change,Small Business,Normal,open,2.32,0.00,no,137.75, 59.5 ,4.10
REQ-10472,Mar 06 2026,Phone,Data & Reporting,Dashboard Request,Parent,Normal,Closed,1.38,7.35,no,743.75,,4.47
REQ-10426,2026-04-18,Walk-In,Data & Reporting,Data Export,Parent,Normal,Closed,1.30,13.23,N,520.69,248.52, 4.6 
REQ-10383,Feb 20 2026,web form,Client Success,Service Follow-Up,Vendor,Normal,In Progress,1.52,,0,370.72,111.09,4.29
REQ-10240,2026-02-13,,Admin Operations,Vendor Record Update,Parent,Low,Closed,7.57,12.37,yes,145.78,85.35,3.88
REQ-10156,2026-03-14,Referral,Data & Reporting,Dashboard Request,Parent,Normal,Open, 10.6 ,0.00,N,1009.08,537.61,4.07
REQ-10298,Apr 11 2026,Phone,Client Success,Service Follow-Up,Vendor,Normal,Closed,2.31,9.67,N,331.12,100.84,4.50
REQ-10212,Apr 07 2026,Email,IT Support,Account Setup,Internal Staff,Normal,Closed, 3.2 ,,false,332.20,156.88, 4.4 
REQ-10600,01/20/2026,Email,Data & Reporting,Dashboard Request,Internal Staff,High,Closed,1.46,19.16,true, 832.0 ,524.48,3.94
REQ-10292,01/13/2026,Walk-In,Data & Reporting,,Vendor,High,in progress,2.19,,0,,380.88,4.12
REQ-10616,Apr 23 2026,Web Form,Billing,Invoice Correction,Parent,Low,Closed,8.03,10.41,false,232.72,59.42,4.38
REQ-10349,2026-02-14,Email,Data & Reporting,Dashboard Request,Parent,Urgent,Open,1.33,,0,877.23,307.90,4.29
REQ-10103,02/01/2026,Email,Billing,Invoice Correction,Parent,Normal,In Progress,3.45, 0.0 ,N,301.52,88.19,4.17
REQ-10104,Feb 18 2026,email,Systems Operations,Intake Form Issue,Small Business,Normal,In Progress,2.73,0.00,no,318.87,119.60,4.31
REQ-10180,Feb 24 2026,Web Form,Client Success,Service Follow-Up,Vendor,High,closed,3.53,20.21,false,,99.46,4.13
REQ-10517,Jan 10 2026,E-mail,Billing,,Student,Normal,Closed,1.76,6.69,0,210.15,85.71,4.63
REQ-10541,01/17/2026,Referral,Systems Operations,Intake Form Issue,Internal Staff,Normal,Closed,4.30,9.78,no,527.78,117.48,4.25
REQ-10370,03/01/2026,Web Form,Billing,Billing Question,Small Business,Normal,Closed,1.60,17.68,N,187.53,45.70,4.59
REQ-10532,Feb 01 2026,,Scheduling,Appointment Change,,Normal,Closed,2.06,,N,175.79,95.43,4.70
REQ-10430,03/17/2026,Walk-In,Data & Reporting,Dashboard Request,Parent,Normal,In Progress,,0.00,false,1221.50,629.65,4.27
REQ-10167,Jan 21 2026,Phone,Client Success,Service Follow-Up,Internal Staff,Normal,Done,2.43,23.30,N,198.97,,4.21
REQ-10305,04/21/2026,Email,Data & Reporting,Data Export,Student,Normal,Closed,4.02,9.53,N,414.11,131.02,4.44
REQ-10559,2026-02-13,Web Form,IT Support,Account Setup,Parent,Low,Done,,11.63,N,402.11,169.73,4.44
REQ-10025,01/08/2026,Email,Systems Operations,Intake Form Issue,Internal Staff,Low,In Progress,2.63,0.00,N,375.83, 126.5 ,4.16
REQ-10216,02/27/2026,Email,Data & Reporting,Data Export,Parent,Low,open,,0.00,N,586.84,291.17,4.40
REQ-10406,2026-04-18,Email,Systems Operations,Automation Request,Small Business,High,Closed,2.91,27.86,no,1022.09,441.86,4.13
REQ-10208,Feb 12 2026,Phone,Billing,Invoice Correction,Parent,Normal,In Progress,1.37,0.00,no, 332.7 ,90.11,4.10
REQ-10259,2026-04-01,Web Form,Data & Reporting,Dashboard Request,Parent,High,Closed,0.91, 12.0 ,N,898.28,223.30,4.48
REQ-10382,2026-02-27,Web Form,Billing,Invoice Correction,Small Business,Normal,Open,7.75, 0.0 ,yes,301.35,, 3.6 
REQ-10114,2026-02-07,Walk-In,Billing,Invoice Correction,Student,High,Closed,1.68,5.03,1, 305.3 ,124.15,4.37
REQ-10477,Feb 28 2026,email,Data & Reporting,Data Export,Small Business,Low,Closed,3.39,17.01,false,472.30,202.26,4.40
REQ-10127,Mar 23 2026,Referred,Systems Operations,Automation Request,Student,Normal,Closed,2.95,11.21,false,1411.73,496.72,4.42
REQ-10235,02/22/2026,E-mail,Client Success,Service Follow-Up,,Low,Closed,6.87,16.20,N,373.70,111.20,4.17
REQ-10529,2026-02-06,Referral,Billing,Billing Question,Internal Staff,Low,Closed,9.76, 30.5 ,false,190.79,67.22,3.84
REQ-10543,01/15/2026,Referral,Billing,Billing Question,,Normal,Closed,1.45,15.12,no, 289.2 , 129.7 ,-4.27
REQ-10250,2026-01-14,Web Form,Admin Operations,Vendor Record Update,Vendor,Normal,open,5.05,0.00,no,194.49,60.44,4.29
REQ-10224,Apr 17 2026,Phone,,Dashboard Request,Parent,Low,Open,1.87, 0.0 ,0,646.69,208.62,4.35
REQ-10126,Apr 03 2026,Email,Data & Reporting,Data Export,Internal Staff,High,Closed,1.64,7.85,1,650.78,281.78,4.20
REQ-10604,Mar 13 2026,Email,Admin Operations,Vendor Record Update,Parent,Normal,Closed,,42.62,N,,47.63,4.05
REQ-10253,04/23/2026,Walk-In,,Data Export,Parent,Urgent,closed, 0.5 ,5.03,false,554.23,233.55,4.73
REQ-10006,02/20/2026,Referral,IT Support,Account Setup,Small Business,Low,Closed,,13.18,Y,263.83,180.39,4.15
REQ-10533,Feb 19 2026,Email,Admin Operations,Vendor Record Update,,Urgent,In Progress,0.95,0.00,0,135.96,35.45,4.35
REQ-10190,2026-03-27,Web Form,Billing,Invoice Correction,Parent,Normal,In Progress,2.40,0.00,0,340.84,118.85,4.08
REQ-10540,2026-03-26,email,IT Support,Account Setup,Internal Staff,Normal,,11.05,11.85,no,331.31,161.35,4.29
REQ-10522,02/27/2026,Walk-In,Admin Operations,Vendor Record Update,Small Business,Normal,Closed,2.49, 10.7 ,N,162.21,43.70,4.52
REQ-10125,2026-02-22,Referral,Systems Operations,Automation Request,Internal Staff,Normal,In Progress,1.58,0.00,false,1207.07,435.48,4.24
REQ-10491,03/09/2026,Email,Systems Operations,Intake Form Issue,Vendor,Normal,Open,2.24,,N,290.26,82.95, 4.3 
REQ-10563,2026-03-31,Walk-In,Admin Operations,Vendor Record Update,Small Business,Normal,Done,2.84,7.43,no,232.80,-70.08,4.44
REQ-10223,02/12/2026,Email,Admin Operations,Vendor Record Update,Vendor,Normal,Closed,5.14,11.89,N,135.49,61.84,4.26
REQ-10128,2026-02-15,Walk-In,Scheduling,Appointment Change,Vendor,Normal,In Progress,5.41,0.00,N,200.25,53.37,4.21
REQ-10343,2026-02-14,Referral,Client Success,Service Follow-Up,Student,High,Open,,0.00,no,371.71,197.63,4.14
REQ-10034,03/10/2026,WEB,Billing,Billing Question,Student,Urgent,Closed,0.95,6.47,no,247.21,101.07,4.72
REQ-10582,02/23/2026,Web Form,Data & Reporting,Data Export,Small Business,Normal,In Progress,,0.00,no,583.92,161.11,4.13
REQ-10509,04/18/2026,Email,Admin Operations,Vendor Record Update,Small Business,Normal,in progress,6.11,0.00,no,223.04,94.17,4.13
REQ-10332,2026-03-28,Web Form,Data & Reporting,Data Export,Small Business,Normal,Closed,6.30,18.60,0,443.32,97.68,4.15
REQ-10534,01/31/2026,Phone,Client Success,Service Follow-Up,Internal Staff,High,Closed,,8.95,no,261.39,133.97,4.43
REQ-10538,Jan 25 2026,Email,Admin Operations,Vendor Record Update,Vendor,Normal,Working,-4.62,0.00,0,212.33,106.43, 4.3 
REQ-10028,03/31/2026,Phone,Billing,Invoice Correction,Parent,High,Closed,,6.02,Y,241.21,80.44,4.04
REQ-10588,Jan 27 2026,Walk-In,IT Support,Account Setup,Vendor,High,Closed,,13.00,false,431.03,152.23,4.65
REQ-10101,04/11/2026,Phone,Billing,Billing Question,Parent,High,Closed,2.42,14.69,false,,73.96,4.61
REQ-10284,Jan 31 2026,Walk-In,IT Support,Account Setup,Internal Staff,Normal,Closed,4.53,5.70,N,235.48,66.64,4.31
REQ-10379,Mar 29 2026,Email,Billing,Billing Question,Vendor,Low,Closed,4.48,22.92,no,199.85,82.12,4.28
REQ-10295,Mar 04 2026,Web Form,Systems Operations,Automation Request,Vendor,Normal,Closed,-3.2,13.52,Y,1000.02,680.40,4.05
REQ-10257,2026-03-13,Web Form,Admin Operations,Vendor Record Update,Student,High,Closed,0.56,17.89,N, 184.7 ,55.45,4.27
REQ-10346,2026-03-16,Web Form,Data & Reporting,Data Export,Small Business,Normal,Closed,3.28,55.41,N,624.39,,3.96
REQ-10326,Apr 24 2026, EMAIL ,Billing,Billing Question,Vendor,Low,Open,3.87,0.00,0,262.38,73.88,4.13
REQ-10294,2026-04-16, EMAIL ,Admin Operations,Vendor Record Update,Vendor,High,In Progress,3.17,0.00,yes, 134.3 ,45.37,3.86
REQ-10288,02/06/2026,Email,Scheduling,Appointment Change,Vendor,Normal,In Progress,-3.92,0.00,N,150.86,44.16,4.00
REQ-10633,Mar 05 2026,Email,Admin Operations,Vendor Record Update,Student,Normal,Open,1.97,0.00,true,258.05,155.13,3.95
REQ-10338,Feb 19 2026,Web Form,Admin Operations,Vendor Record Update,Small Business,Normal,Open,4.38,0.00,N,257.78,85.35,4.09
REQ-10171,Mar 12 2026,Email,Data & Reporting,Dashboard Request,Parent,Normal,In Progress,3.17,0.00,0,900.53,455.77,4.16
REQ-10080,Feb 14 2026,Email,,Account Setup,Vendor,Low,Closed,4.85,14.01,N,298.27,114.49,4.37
REQ-10134,02/28/2026,Walk-In,Data & Reporting,Data Export,Student,Low,Closed,2.32,9.84,0,592.10,198.09,4.41
REQ-10096,03/16/2026,Walk-In,Systems Operations,Intake Form Issue,Vendor,Low,Complete,1.89,36.41,1,471.83,184.09,3.98
REQ-10328,2026-03-04,Web Form,Client Success,Service Follow-Up,Internal Staff,Low,Closed,,40.12,N,,76.79,
REQ-10092,Mar 15 2026,Email,Admin Operations,Vendor Record Update,Internal Staff,Normal,Closed,,-18.15,0,242.67,118.67,4.28
REQ-10315,Jan 13 2026,Email,Scheduling,Appointment Change,Internal Staff,Normal,Closed,5.88,7.14,no,-217.86,71.44, 4.3 
REQ-10365,Mar 06 2026,Phone,Data & Reporting,Dashboard Request,,Normal,In Progress,,,0,955.29,,4.39
REQ-10364,2026-03-31,Walk-In,Billing,Billing Question,Small Business,Normal,Closed,3.26,8.56,1,290.65,123.09,3.94
REQ-10545,Apr 09 2026,Email,Admin Operations,Vendor Record Update,Internal Staff,Normal,Closed,8.22,12.19,Y,,81.28,3.85
REQ-10120,Feb 11 2026,Phone,Client Success,Service Follow-Up,Parent,High,Closed,2.21,7.32,no,345.62,174.52,4.35
REQ-10455,2026-03-12,Walk-In,Data & Reporting,Dashboard Request,Internal Staff,Low,Closed,1.14,19.25,N,1074.27,275.92,4.51
REQ-10430,03/17/2026,Walk-In,Data & Reporting,Dashboard Request,Parent,Normal,Closed,,19.93,false,1221.50,629.65,4.27
REQ-10425,Feb 09 2026,Email,Client Success,Service Follow-Up,Small Business,Low,in progress,6.64,0.00,true,358.19,105.94,3.82
REQ-10585,2026-02-15,phone,Scheduling,Appointment Change,Internal Staff,Low,Closed, 2.5 ,13.44,0,172.48,61.35,4.37
REQ-10011,02/10/2026,,Data & Reporting,Data Export,Student,Low,Closed,3.85,130.48,Y,445.76,213.89,3.99
REQ-10207,02/04/2026,Phone,Client Success,Service Follow-Up,Vendor,Normal,Closed,2.60,15.62,0,315.59,79.00,4.53
REQ-10564,Feb 27 2026,phone,Data & Reporting,Data Export,Vendor,High,Closed,0.61,19.08,no,387.29,146.19,4.34
REQ-10348,01/26/2026,Phone,Scheduling,Appointment Change,Small Business,High,Closed,1.54,4.68,true,192.03,84.55,4.16
REQ-10316,2026-04-22,Referral,Billing,Billing Question,Parent,Low,Closed,5.52,8.47,0,269.13, 129.8 ,4.52
REQ-10303,Mar 19 2026,Referral,Admin Operations,Vendor Record Update,Parent,High,Open,1.28, 0.0 ,0,248.16,99.74,4.13
REQ-10015,2026-03-24,Web Form,Admin Operations,Vendor Record Update,Internal Staff,High,Closed,1.38,7.09,false,,51.43,4.58
REQ-10018,Mar 03 2026,Email,Admin Operations,Vendor Record Update,Parent,Normal,Open,5.73,0.00,1,205.93,70.01,3.95
REQ-10584,02/05/2026,Email,Billing,Billing Question,Internal Staff,Low,in progress,3.05,0.00,false,220.22,117.69,4.05
REQ-10115,2026-02-09,Referral,Admin Operations,Vendor Record Update,Student,Low,Closed,3.70,12.26,N,198.05,59.01,4.31
REQ-10122,2026-03-16,Email,Data & Reporting,Dashboard Request,Vendor,Normal,Closed,1.92,10.37,0,,509.46,4.39
REQ-10255,2026-02-24,Web Form,Scheduling,,Small Business,Normal,Closed,3.49,,0,-152.16, 80.8 ,4.53
REQ-10598,Apr 08 2026,Referral,Scheduling,Appointment Change,Student,Normal,Pending,3.48,0.00,0,,81.70,
REQ-10193,03/29/2026,Walk-In,Systems Operations,Automation Request,Small Business,Normal,Closed, 2.1 ,20.61,no,1069.48,328.09,4.32
REQ-10159,2026-02-17,Referral,Billing,Billing Question,Student,Normal,New,4.04,0.00,N,295.63,143.25,4.06
REQ-10310,01/07/2026,Referral,Billing,Billing Question,Student,Normal,Closed,3.16,6.63,no,,124.53,
REQ-10460,Feb 01 2026,,Scheduling,Appointment Change,Parent,Normal,In Progress,1.46,0.00,N,,85.15,4.37
REQ-10350,2026-02-27,phone,Client Success,Service Follow-Up,Internal Staff,Normal,Closed,2.99,19.96,no,229.68, 71.7 ,4.37
REQ-10010,Mar 03 2026,Email,Systems Operations,Automation Request,Student,Normal,Closed,2.90,34.78,false,1074.64,239.87,4.04
REQ-10314,2026-01-09,Email,Client Success,Service Follow-Up,,High,Open,1.58,0.00,no,286.80,135.45,4.14
REQ-10619,Mar 20 2026,Online Form,,Account Setup,Student,Normal,Closed,,13.07,N,249.79,96.97,4.28
REQ-10445,Mar 19 2026,Walk-In,Billing,Billing Question,Student,High,In Progress, 1.3 ,0,N,,76.78,4.15
REQ-10387,Apr 01 2026,Email,Scheduling,Appointment Change,Parent,Normal,Closed,2.33,4.44,no,168.51,80.33,4.40
REQ-10144,03/10/2026,Email,Billing,Invoice Correction,Internal Staff,Normal,Closed,6.35, 14.3 ,no,344.36,139.90,4.25
REQ-10260,2026-01-23,Email,Systems Operations,Automation Request,Internal Staff,Normal,Closed,7.83,,no,1523.25,408.84,4.36
REQ-10163,02/08/2026,Email,Data & Reporting,Dashboard Request,Internal Staff,Normal,Closed,5.17,28.68,yes, 1022.0 ,352.00,3.83
REQ-10021,2026-03-05,Web Form,IT Support,Account Setup,Parent,,Closed,1.28,10.93,no,315.56,153.88,4.40
REQ-10104,Feb 18 2026,email,Systems Operations,Intake Form Issue,Small Business,Normal,Closed,2.73,106.52,no,318.87,119.60,4.31
REQ-10124,2026-01-15,Email,Data & Reporting,Dashboard Request,Small Business,Low,Open,5.65,0.00,0, 808.5 ,195.73,4.00
REQ-10484,01/30/2026,Email,Client Success,Service Follow-Up,Student,High,Closed, 5.3 ,14.48,N,199.36,90.20,4.40
REQ-10542,Jan 25 2026,Walk-In,Client Success,Service Follow-Up,Small Business,Normal,Closed,2.49,15.85,N,285.03,87.45,4.34
REQ-10151,02/25/2026,Email,Data & Reporting,Data Export,Student,,In Progress,11.47,0.00,0,358.92,178.49,3.74
REQ-10281,2026-02-27,Email,Systems Operations,Automation Request,Parent,Normal,Closed, 2.7 ,20.58,false,1734.67,913.61,4.21
REQ-10479,Jan 23 2026,Email,Admin Operations,Vendor Record Update,Vendor,,Closed,3.01,4.88,true,256.49,190.65,4.27
REQ-10480,Feb 18 2026,E-mail,Data & Reporting,Dashboard Request,Student,Low,Closed,3.94,24.26,N,741.34,205.41,4.24
REQ-10112,03/04/2026,Email,Billing,Invoice Correction,Vendor,Normal,Closed,1.24,23.21,N, 364.8 ,93.91,4.28
REQ-10274,2026-02-15,Phone,Data & Reporting,Data Export,Student,Low,Closed,3.85,13.42,0,408.31,122.48,4.28
REQ-10494,,,Data & Reporting,Data Export,Parent,High,In Progress,2.09,0.00,1,372.25,138.32,3.95
REQ-10145,Jan 11 2026,E-mail,Admin Operations,Vendor Record Update,,Normal,Open,3.64,0.00,N,191.96,56.07,4.34
REQ-10589,2026-02-15,Web Form,Billing,Billing Question,Student,Normal,In Progress,1.27,0.00,0,256.04,,4.13
REQ-10220,2026-02-04,Referral,Admin Operations,,Parent,High,Open,1.51,0.00,N,-204.54,83.85,4.23
REQ-10263,03/21/2026,Web Form,IT Support,Account Setup,Small Business,Normal,Open,0.98,,false,432.09,105.60,4.16
REQ-10614,04/20/2026,WEB,IT Support,Account Setup,Parent,High,Closed, 2.4 ,110.03,N,280.66,115.91,4.55
REQ-10197,02/23/2026,Web Form,Client Success,Service Follow-Up,Small Business,High,Pending,1.13,0.00,no, 264.9 , 125.8 ,4.33
REQ-10415,2026-02-03,Web Form,Billing,Billing Question,Student,Low,,13.35,17.25,0,-224.36,101.49, 4.0 
REQ-10561,2026-04-02, EMAIL ,Systems Operations,Intake Form Issue,Student,Normal,,2.90,22.55,false,370.57,,4.41
REQ-10275,02/19/2026,Web Form,Billing,Invoice Correction,Vendor,Low,In Progress,2.53,0.00,1, 377.6 , 130.9 ,3.97
REQ-10225,2026-03-15,Phone,Data & Reporting,Dashboard Request,Parent,Normal,Closed,1.57,5.08,no,832.69,234.64, 4.4 
REQ-10625,2026-02-18,Web Form,Admin Operations,Vendor Record Update,Internal Staff,High,Complete,2.53,13.08,0,141.94,61.22,4.35
REQ-10254,Mar 20 2026,Phone,Systems Operations,Intake Form Issue,Parent,Urgent,Closed,,9.17,N,,183.40,-4.64
REQ-10023,02/19/2026,Email,Scheduling,Appointment Change,Vendor,Normal,Closed,4.69,,true,194.19,78.54,4.08
REQ-10624,03/06/2026,Web Form,Billing,Billing Question,Student,Normal,Closed,-5.34,12.18,0,238.78,116.97,4.40
REQ-10195,Feb 16 2026,Email,Data & Reporting,Dashboard Request,Internal Staff,Normal,Closed,,9.35,false, 879.3 ,341.33, 4.4 
REQ-10360,2026-03-27,Email,Billing,Billing Question,Internal Staff,Normal,In Progress,3.38,0.00,false,210.88,97.73,-4.34
REQ-10242,Mar 14 2026,Phone,,Intake Form Issue,Parent,Low,New,2.73,0.00,0,419.13,,4.21
REQ-10307,2026-03-22,Walk-In,Admin Operations,,Vendor,Normal,Closed,2.22,12.21,no,170.45,59.15,4.34
REQ-10222,2026-02-14,Email,Data & Reporting,Data Export,Parent,Low,Closed,,10.38,true,,388.98,4.09
REQ-10565,Jan 29 2026,Web Form,Data & Reporting,Data Export,Small Business,Low,Closed,,30.34,0,655.76,203.44,4.42
REQ-10570,2026-02-03,Phone,Admin Operations,Vendor Record Update,Internal Staff,Normal,Closed,1.64, 15.6 ,false,208.50,46.43,4.52
REQ-10213,Mar 06 2026,Email,Systems Operations,Automation Request,Parent,High,Open, 2.9 ,0.00,no,1720.42,417.45,4.26
REQ-10317,Apr 11 2026,Web Form,Data & Reporting,Dashboard Request,Parent,High,Closed,2.86,6.14,N,624.28,283.49, 4.4 
REQ-10239,04/22/2026,Email,Client Success,Service Follow-Up,Internal Staff,Normal,Closed,4.52,5.32,0,326.67,112.63,4.46
REQ-10462,2026-04-17,Phone,Client Success,Service Follow-Up,,High,In Progress,0.59,0.00,false,276.39,61.65,4.34
REQ-10129,04/23/2026,Email,Billing,Billing Question,Vendor,High,In Progress,3.09,0.00,N,,,4.24
REQ-10493,Apr 02 2026,Email,Scheduling,Appointment Change,Student,Normal,Closed,6.15,-16.44,no,126.95,62.63,4.21
REQ-10581,Mar 18 2026, PHONE ,Client Success,Service Follow-Up,Parent,Normal,Closed,1.61,11.24,0,230.82,83.06,4.45
REQ-10388,01/25/2026,Walk-In,Billing,Billing Question,Student,Normal,Complete,1.45, 8.8 ,false,,55.50, 4.4 
REQ-10215,01/07/2026,Walk-In,Client Success,Service Follow-Up,Internal Staff,Low,Open,3.53,0.00,no,292.77,127.52,4.02
REQ-10518,Feb 25 2026,Phone,Admin Operations,Vendor Record Update,Small Business,Low,Done,5.14,12.74,no,134.66,30.63,4.45
REQ-10440,Feb 16 2026,Web Form,Client Success,Service Follow-Up,Vendor,Low,Closed,7.68,18.70,false,363.40, 126.0 , 4.3 
REQ-10539,2026-04-10,Web Form,Systems Operations,Intake Form Issue,Student,Normal,Closed,1.26,7.85,yes,363.61,170.15,4.10
REQ-10547,2026-04-18,Phone,Admin Operations,Vendor Record Update,Internal Staff,Normal,New,3.35,0.00,N,167.88,64.38, 4.2 
REQ-10311,Mar 14 2026,Email,Billing,Billing Question,Parent,Normal,Closed,14.49,15.29,no,166.17,86.89,4.02
REQ-10164,01/24/2026,Email,IT Support,Account Setup,Small Business,Normal,Open,2.07,0.00,no,284.57,108.80,4.14
REQ-10636,2026-02-21,Web Form,IT Support,Account Setup,Small Business,Normal,Open,,0.00,N,363.08,103.85,4.03
REQ-10549,2026-01-13,Email,Admin Operations,Vendor Record Update,Internal Staff,Low,Open,,0.00,no,179.82,60.94,3.87
REQ-10055,2026-03-26,Phone,Scheduling,Appointment Change,Internal Staff,High,Closed, 2.2 ,13.53,N,164.24,86.84,4.48
REQ-10337,Apr 05 2026,Phone,Data & Reporting,Dashboard Request,Internal Staff,High,Closed,1.55,7.55,0,1114.68,427.85,4.51
REQ-10287,03/10/2026,Web Form,Client Success,Service Follow-Up,Small Business,High,Open,1.79, 0.0 ,N,238.36, 111.0 ,4.10
REQ-10153,Jan 29 2026,Web Form,Admin Operations,Vendor Record Update,Internal Staff,Low,In Progress,6.70,0.00,N,190.83,98.44,3.94
REQ-10505,2026-04-04,E-mail,Admin Operations,Vendor Record Update,Small Business,Low,Working,2.45,0.00,false,243.66,96.97,4.18
REQ-10089,2026-02-09,Phone,Client Success,Service Follow-Up,Vendor,Low,Closed,3.59,15.65,N,265.60,138.88,
REQ-10450,02/05/2026,Web Form,Client Success,Service Follow-Up,Student,Urgent,Closed,1.10,5.04,no,365.24,177.20,4.53
REQ-10154,Jan 14 2026,Walk-In,Scheduling,Appointment Change,Parent,High,Closed,2.60,3.40,no,121.23,58.63,4.51
REQ-10059,Feb 19 2026,Walk-In,Billing,Billing Question,Internal Staff,Normal,Closed,1.09,6.17,N,195.94, 102.0 ,4.62
REQ-10136,2026-01-05,Web Form,Data & Reporting,Dashboard Request,Small Business,High,In Progress,1.72,0.00,N,1137.33,,4.28
REQ-10026,Jan 11 2026,Web Form,Billing,Billing Question,,Normal,Closed,1.20,9.38,no,176.30,84.55,4.44
REQ-10571,01/31/2026,,Systems Operations,Automation Request,Student,Normal,Open,1.80,0.00,false,1628.21,589.33,4.08
REQ-10432,Jan 06 2026,Email,Billing,Invoice Correction,Internal Staff,Low,Open,8.72,0.00,yes,,68.08,3.59
REQ-10514,2026-01-09,Email,Data & Reporting,Dashboard Request,Small Business,Normal,Open,4.08,0.00,N,775.45,195.72,4.01
REQ-10173,2026-04-01,Web Form,Data & Reporting,Data Export,Small Business,Normal,Closed, 1.7 ,12.24,N,373.15,145.56,
REQ-10632,Jan 28 2026,Email,Billing,Billing Question,Student,Normal,, 1.4 ,10.49,no,239.34,75.39,4.63
REQ-10531,2026-01-09,Phone,Billing,Billing Question,Internal Staff,Normal,closed,2.73,29.06,false,197.05,58.56,4.14
REQ-10174,Feb 12 2026,Web Form,Admin Operations,Vendor Record Update,Parent,High,Closed,2.71,,false,199.19,91.64,4.36
REQ-10232,02/27/2026,Email,Data & Reporting,Data Export,Vendor,Low,In Progress,4.63,0.00,N,-615.82,202.06,4.26
REQ-10226,2026-02-23,Email,Systems Operations,Automation Request,Vendor,Normal,Open, 1.5 ,,N,1171.80,424.91,-4.26
REQ-10008,2026-02-23,Web Form,IT Support,Account Setup,Small Business,Normal,Closed, 2.6 ,7.58,0,338.95,,4.32
REQ-10597,2026-03-23,Web Form,Systems Operations,Intake Form Issue,Parent,Normal,Open,3.07,0.00,N,297.47,83.68,4.28
REQ-10251,03/01/2026,Referral,Data & Reporting,Dashboard Request,,,Closed,1.24,14.69,Y,791.11,,
REQ-10535,2026-03-09, PHONE ,Billing,Billing Question,Parent,High,Closed,1.96,9.92,false,180.54, 80.1 ,4.57
REQ-10279,Apr 05 2026,Email,Billing,Invoice Correction,Parent,Normal,closed,4.71,28.12,0,391.10,132.17,4.12
REQ-10572,01/05/2026, EMAIL ,Billing,Billing Question,Internal Staff,Low,Closed,2.15,25.52,false,244.32,116.34,4.46
REQ-10178,Apr 13 2026,Web Form,Billing,Invoice Correction,Small Business,High,Closed,2.72,17.46,no,,151.44,4.52
REQ-10470,2026-02-22,Referral,Systems Operations,Automation Request,Student,Normal,Closed,5.17,,false,1635.13,789.03, 4.3 
REQ-10066,Mar 09 2026,Online Form,Billing,Billing Question,Parent,High,Open,5.62,,0,201.00,48.98,3.95
REQ-10488,2026-03-05,Email,Billing,Billing Question,Vendor,Normal,Open,,0.00,false, 302.6 ,159.47,4.16
REQ-10397,2026-04-12,Walk-In,Data & Reporting,Dashboard Request,Student,High,Closed,3.74,,0,779.55,226.98,4.51
REQ-10408,Feb 24 2026, EMAIL ,Client Success,Service Follow-Up,Parent,Urgent,Closed,0.59,5.52,false,-333.09,87.54,4.57
REQ-10278,Mar 28 2026,Web Form,Systems Operations,Intake Form Issue,Vendor,Normal,Closed,4.28,13.88,N,467.32,219.52,4.20
REQ-10252,Feb 12 2026,Phone,Admin Operations,Vendor Record Update,,Normal,Open,2.38,0.00,N,232.18,53.97,4.26
REQ-10605,Jan 07 2026,Email,Client Success,Service Follow-Up,Student,Normal,Closed,4.73,6.60,false, 325.6 , 102.9 ,4.38
REQ-10617,04/06/2026,Referral,Scheduling,,Internal Staff,Normal,Open, 6.6 , 0.0 ,N,175.43,91.00,4.23
REQ-10219,03/09/2026,Referral,Billing,Billing Question,Vendor,High,closed,,18.95,false,195.18,96.65,4.27
REQ-10555,2026-02-05,Email,Data & Reporting,Data Export,Vendor,Normal,Closed,3.27,9.53,0,,124.80,
REQ-10046,2026-03-04,Referral,Scheduling,,Small Business,High,Closed,2.76,5.79,true,131.42,44.32,4.34
REQ-10446,Jan 11 2026, PHONE ,Admin Operations,Vendor Record Update,Vendor,Normal,Done,,7.98,0,167.06, 47.1 ,4.36
REQ-10268,Mar 29 2026,In Person,Systems Operations,Automation Request,Small Business,Normal,Closed,9.27,33.62,0,1185.83, 564.7 ,3.94
REQ-10444,01/29/2026,Email,Billing,Billing Question,Parent,Normal,Closed,4.51,33.75,false,260.98, 112.0 ,4.23
REQ-10418,Apr 12 2026,,Data & Reporting,Data Export,Internal Staff,Low,Open, 5.9 ,0.00,N,515.76,178.36,4.07
REQ-10209,04/06/2026,Web Form,Scheduling,Appointment Change,Small Business,High,Closed,3.56,4.36,N,168.73,78.88,-4.59
REQ-10320,2026-03-30,Email,Scheduling,Appointment Change,Parent,High,Closed,,5.56,false,205.59,73.55,4.51
REQ-10138,2026-03-14,E-mail,IT Support,,Internal Staff,Normal,Open,4.27,0.00,N,453.47,,4.01
REQ-10062,2026-02-09,Referral,Data & Reporting,Data Export,Parent,Normal,In Progress,7.62,0.00,N,671.83,323.98,4.10
REQ-10513,2026-02-21,Referral,,Billing Question,Vendor,High,Open,2.20, 0.0 ,N,293.01,,4.12
REQ-10376,2026-03-26,,Scheduling,Appointment Change,Student,Normal,Closed,7.62,13.63,no,214.52,75.51,4.07
REQ-10609,Feb 19 2026,Walk-In,Client Success,Service Follow-Up,Vendor,High,in progress,1.27,0.00,N,268.95,80.14,4.32
REQ-10069,01/13/2026,web form,IT Support,Account Setup,Parent,Normal,Closed, 2.3 ,17.52,false,298.97,95.25,4.21
REQ-10199,Jan 14 2026,Email,Data & Reporting,Dashboard Request,Student,High,Complete,4.46,10.83,0, 908.1 ,248.78,
REQ-10118,2026-02-20,referral,Client Success,Service Follow-Up,Internal Staff,Normal,Closed, 1.5 ,25.40,no,246.06, 109.2 ,4.34
REQ-10630,2026-03-21,Phone,Systems Operations,Automation Request,Vendor,Normal,Closed,5.70,34.61,1,1373.71,559.94,-3.64
REQ-10599,03/15/2026,Email,Billing,Invoice Correction,Internal Staff,Low,Closed,3.15,16.23,N,266.96, 61.3 ,4.57
REQ-10228,03/12/2026,Web Form,IT Support,Account Setup,Vendor,High,In Progress,2.18,0.00,no,268.32,94.65, 4.3 
REQ-10076,02/17/2026,Walk-In,IT Support,Account Setup,Internal Staff,Normal,Done,-0.77,6.89,N,292.20,83.46,4.58
REQ-10637,01/13/2026,Web Form,Billing,Billing Question,Parent,Normal,Closed,2.78,19.57,0,175.42,47.63,-4.28
REQ-10438,04/21/2026,Referred,Systems Operations,Intake Form Issue,Parent,Normal,Closed,2.14,24.05,N,501.90,257.24,4.31
REQ-10530,Apr 17 2026,Phone,Billing,Billing Question,Vendor,Normal,Closed,1.76,9.77,N,268.39,,4.35
REQ-10448,Feb 19 2026,Phone,Billing,Invoice Correction,Vendor,Low,Complete,3.55,9.97,N, 292.7 ,141.02,4.42
REQ-10014,03/04/2026,Referral,Data & Reporting,Dashboard Request,Small Business,Normal,Closed,1.77,7.37,false,1029.69,554.02,4.47
REQ-10601,Mar 14 2026,Email,Client Success,Service Follow-Up,Vendor,Normal,Open,1.66,0.00,no,225.35,-84.63,4.38
REQ-10271,01/31/2026,Web Form,Billing,Invoice Correction,Parent,Low,Closed,2.23,52.03,0,235.16,117.51, 4.1 
REQ-10464,Jan 29 2026,Web Form,Client Success,Service Follow-Up,Internal Staff,Normal,Closed,1.78,8.75,false, 311.0 ,78.66,4.55
REQ-10622,Apr 05 2026,Walk-In,Billing,Invoice Correction,Internal Staff,Normal,In Progress,0.85,0.00,no,208.99, 113.0 ,4.16
REQ-10396,2026-03-20, PHONE ,Admin Operations,Vendor Record Update,Internal Staff,Normal,Closed,4.47,31.58,false,168.15,55.41,4.16
REQ-10486,Mar 03 2026,Call,Scheduling,Appointment Change,Vendor,Normal,In Progress,,0.00,no,116.23,26.57,4.42
REQ-10575,Mar 10 2026,Walk-In,Client Success,Service Follow-Up,Student,High,Closed,2.73, 9.6 ,0,347.24,164.48,4.60
REQ-10375,2026-02-18,Email,Billing,Invoice Correction,Small Business,High,closed,2.95,12.64,1,322.27,139.90,4.02
REQ-10256,02/05/2026,Email,Scheduling,Appointment Change,Student,Low,Closed,5.51,,0,144.99,49.82,4.31
REQ-10390,Feb 10 2026,Walk-In,IT Support,Account Setup,Small Business,High,Closed,4.40,8.13,no,454.38,, 4.5 
REQ-10044,01/25/2026,Email,,Vendor Record Update,Vendor,Normal,In Progress,3.14,,N,, 33.0 ,4.38
REQ-10606,Apr 08 2026,Email,Systems Operations,Intake Form Issue,Vendor,Low,Closed,5.79,18.81,0,420.79,113.56,4.11
REQ-10189,Mar 20 2026,Email,Client Success,,Vendor,Normal,Complete,,15.30,1,361.14,224.50,4.08
REQ-10054,04/23/2026,Walk-In,Systems Operations,Automation Request,Vendor,High,Done,1.92,9.68,0,1581.25,638.98,4.35
REQ-10099,02/10/2026,Web Form,Data & Reporting,Data Export,Parent,High,In Progress,1.48,,no,678.69, 228.0 ,4.12
REQ-10138,2026-03-14,E-mail,IT Support,,Internal Staff,Normal,Closed,4.27,115.93,N,453.47,,4.01
REQ-10218,03/09/2026,Phone,Data & Reporting,Dashboard Request,Parent,High,Closed,1.36,6.42,N,1037.36, 281.4 ,4.50
REQ-10210,03/23/2026,Walk-In,Data & Reporting,Data Export,Small Business,High,,0.65,17.41,N,622.14,281.66,4.57
REQ-10357,2026-04-21,Referral,Client Success,Service Follow-Up,Parent,Low,Open,6.21,0.00,false,328.39,180.48,4.12
REQ-10368,01/28/2026,Email,Client Success,Service Follow-Up,Internal Staff,Normal,Closed,2.12, 18.0 ,false,191.07,,4.59
REQ-10142,2026-01-30,Web Form,Admin Operations,Vendor Record Update,Vendor,Low,Closed,14.23,15.48,no,198.57,55.49,3.88
REQ-10179,Apr 08 2026,Web Form,Admin Operations,Vendor Record Update,Internal Staff,Normal,In Progress,2.34,0.00,0,160.78, 67.5 ,4.15
REQ-10480,Feb 18 2026,E-mail,Data & Reporting,Dashboard Request,Student,Low,Closed,3.94,32.02,N,741.34,205.41,4.24
REQ-10449,2026-04-06,Email,Data & Reporting,Data Export,Student,High,in progress,5.08,0.00,0,555.28,226.28,4.17
REQ-10301,2026-03-02,Phone,Systems Operations,Intake Form Issue,Parent,Normal,In Progress,4.53, 0.0 ,N,494.06,191.31,4.31
REQ-10273,2026-03-19,Email,Data & Reporting,Data Export,Vendor,Normal,Closed,3.79,12.37,yes,457.68,187.94,4.12
REQ-10072,Feb 09 2026,Web Form,Scheduling,Appointment Change,,Normal,,-2.87,31.74,N,118.50,28.52,4.13
REQ-10001,2026-03-15,Web Form,Data & Reporting,Data Export,Student,Low,Closed, 4.6 ,14.94,1,,220.82,3.94
REQ-10249,03/02/2026,Walk-In,Billing,Billing Question,Internal Staff,High,Closed,0.95, 3.2 ,0,153.99,54.78,4.62
REQ-10554,2026-03-16,phone,Billing,Billing Question,Vendor,Normal,Closed,3.17,,0,286.78,90.79,4.45
REQ-10186,02/02/2026,web form,Systems Operations,Intake Form Issue,Small Business,Normal,In Progress, 4.4 ,0.00,false,532.47,257.26,4.03
REQ-10205,03/03/2026,Web Form,Data & Reporting,Dashboard Request,Student,Normal,closed,4.15, 7.4 ,0,1231.07,539.66,4.45
REQ-10580,02/11/2026,E-mail,Billing,Billing Question,Student,Low,Closed,8.79,17.61,true,234.98, 175.5 ,3.80
REQ-10631,2026-02-12,Email,Admin Operations,Vendor Record Update,Internal Staff,Normal,In Progress,3.20,0,false,201.70,56.10,4.26
REQ-10296,Mar 05 2026,Email,Client Success,Service Follow-Up,Student,Low,Open, 5.7 ,0.00,Y,238.11, 181.2 ,3.68
REQ-10201,2026-01-09,Web Form,Scheduling,Appointment Change,Small Business,Low,Closed,1.36,6.87,false,156.78,39.60,4.65
REQ-10082,2026-02-05,Email,Billing,Billing Question,Vendor,Normal,Closed,14.13,117.40,true,248.32,-130.72,3.70
REQ-10009,2026-03-20,Web Form,Scheduling,Appointment Change,Internal Staff,Low,Closed,-3.01,,0,231.27,52.09,4.26
REQ-10384,2026-03-07,Email,Client Success,Service Follow-Up,Small Business,Normal,Done,8.51,9.89,false,330.16,140.59,4.21
REQ-10091,Jan 13 2026,Email,Client Success,Service Follow-Up,Internal Staff,Normal,In Progress,7.17,0.00,Y,234.44,84.97,3.83
REQ-10595,2026-04-15,Phone,Billing,Billing Question,Parent,Low,Open,4.58,0.00,false,204.52,97.95,4.04
REQ-10499,2026-04-18,Email,Admin Operations,Vendor Record Update,Parent,High,Open,,0.00,0,231.77,75.19,4.08
REQ-10119,01/21/2026,Email,Data & Reporting,Dashboard Request,Vendor,Normal,Closed, 1.8 ,8.23,no,651.67,,4.47
REQ-10391,Feb 02 2026,Web Form,Scheduling,Appointment Change,Small Business,Urgent,Open,1.32,0.00,N,164.93,70.73,4.29
REQ-10336,Apr 18 2026,Online Form,Systems Operations,Intake Form Issue,Internal Staff,High,Open,1.44,0,1,445.12,255.23,4.10
REQ-10094,03/28/2026,Walk-In,Data & Reporting,Dashboard Request,Internal Staff,Low,Closed,1.78, 18.1 ,1,1133.67,531.19,4.10
REQ-10184,Mar 05 2026,Web Form,Client Success,Service Follow-Up,,Low,Done,3.12,9.00,true,265.53,134.46,4.22
REQ-10331,Jan 21 2026,Online Form,Billing,Billing Question,Small Business,High,Closed,2.47,9.92,false,,79.58,4.54
REQ-10100,02/02/2026,Walk-In,Client Success,Service Follow-Up,Vendor,Normal,Closed,4.21,93.16,0, 302.2 ,89.38,4.36
REQ-10510,02/22/2026,E-mail,Client Success,Service Follow-Up,Small Business,Normal,In Progress, 12.7 ,0.00,0,312.56,90.54,4.04
REQ-10234,02/19/2026,Web Form,Data & Reporting,Data Export,Small Business,High,Closed,,10.45,0,480.75,,4.46
REQ-10117,Apr 21 2026,Web Form,Systems Operations,Intake Form Issue,Internal Staff,Normal,In Progress,5.82,0.00,true,515.27,193.61,3.93
REQ-10496,2026-02-15,Referral,Billing,Billing Question,Student,Low,Done,5.54,15.62,no,152.91,79.18,4.26
REQ-10277,03/15/2026,Phone,Data & Reporting,Data Export,Vendor,High,Closed,1.01,6.43,N,630.65,234.04,4.50
REQ-10029,03/16/2026,Email,Data & Reporting,Dashboard Request,Internal Staff,Urgent,Closed,0.53,4.50,Y,1177.62,697.95,4.21
REQ-10074,2026-03-27,Referral,Scheduling,Appointment Change,Parent,Normal,Closed,3.08,20.58,N,,56.53,4.27
REQ-10262,2026-03-07,Web Form,Billing,Billing Question,Parent,Normal,Closed,,14.14,no,196.13,59.56,4.28
REQ-10400,Jan 22 2026,Referral,Scheduling,Appointment Change,Internal Staff,Normal,Closed,4.55,8.27,N,135.53,57.57,4.43
REQ-10372,Mar 10 2026,Phone,Billing,Billing Question,Vendor,Normal,Closed,3.04,22.57,0, 176.5 ,85.18,4.26
REQ-10602,04/05/2026,Walk-In,Billing,Billing Question,Parent,Normal,Closed,3.95,12.04,Y,231.10,99.86, 3.9 
REQ-10188,Feb 28 2026,Walk-In,Scheduling,Appointment Change,Student,Normal,Closed,3.55,14.21,no,123.61,34.52,4.27
REQ-10027,Mar 08 2026,Web Form,Data & Reporting,Data Export,Parent,High,Closed,1.43,,false,510.92,238.05,4.47
REQ-10304,Feb 20 2026,Walk-In,Billing,Invoice Correction,Internal Staff,Normal,Closed,3.06,15.80,Y,307.25,152.32,4.13
REQ-10075,01/24/2026,Phone,Data & Reporting,Data Export,Internal Staff,Normal,closed,3.32, 10.3 ,yes,636.73,429.84,4.09
REQ-10459,Mar 30 2026,Email,Billing,Billing Question,Internal Staff,High,Closed,1.92,8.07,false,153.19, 64.5 ,4.49
REQ-10264,Mar 17 2026,Walk-In,Scheduling,Appointment Change,Vendor,High,Closed,1.41,6.92,Y,200.59,74.46,4.03
REQ-10170,Mar 29 2026,Email,IT Support,Account Setup,Parent,Normal,Closed,3.63,23.09,N,256.01,80.73,
REQ-10176,2026-01-08,Web Form,Client Success,Service Follow-Up,Internal Staff,Normal,Working,2.05,0.00,false,263.90,124.91,4.15
REQ-10061,Mar 21 2026,Web Form,Billing,Invoice Correction,Small Business,Normal,Closed,2.10,2.90,N,352.39,,-4.53
REQ-10182,Mar 20 2026,Web Form,Billing,Invoice Correction,Vendor,Low,Closed,5.80,21.13,N,393.02,102.92,
